trip_date,pickup_hour,taxi_trips,taxi_passengers,taxi_revenue,avg_amount_per_trip,avg_trip_distance,median_trip_duration_minutes,avg_speed_mph,subway_ridership,subway_transfers,active_station_complexes
2024-04-01,0,1246,1610,47864.80999999996,38.414775280898844,5.91053772070626,12.0,inf,16998.0,372.0,407
2024-04-01,1,514,691,16930.559999999994,32.93883268482489,5.239124513618678,10.0,inf,7291.0,135.0,410
2024-04-01,2,282,353,8017.069999999999,28.42932624113475,4.116773049645392,10.0,inf,4982.0,109.0,405
2024-04-01,3,243,288,8910.129999999997,36.667201646090525,5.8175720164609075,13.0,inf,6024.0,186.0,402
2024-04-01,4,350,345,12817.669999999995,36.62191428571427,6.169257142857141,13.0,21.801832950972738,16572.0,913.0,422
2024-04-01,5,725,695,26364.459999999992,36.36477241379309,47.125793103448295,11.0,inf,61077.0,5315.0,428
2024-04-01,6,1642,1639,51815.08999999998,31.556084043848955,41.82675395858711,10.0,inf,125018.0,10861.0,428
2024-04-01,7,3281,3661,91137.80000000022,27.777445900640117,17.38966473636086,11.0,inf,223441.0,16852.0,428
2024-04-01,8,4515,4985,121201.7600000006,26.84424363233679,3.4262015503876,12.0,inf,299950.0,18840.0,428
2024-04-01,9,4830,5822,124531.08000000031,25.78283229813671,3.0594182194617026,12.0,inf,209872.0,11276.0,428
2024-04-01,10,4928,6227,134461.25000000012,27.285156250000025,18.013770292207806,13.0,inf,152690.0,7726.0,428
2024-04-01,11,5093,6505,139805.0400000002,27.45043000196352,3.304997054781074,13.0,inf,141216.0,6556.0,428
2024-04-01,12,5416,7063,153356.6300000007,28.315478212703233,3.4753212703102,13.0,inf,148854.0,6531.0,428
2024-04-01,13,5446,7179,167793.3400000005,30.810381931693076,4.048815644509738,13.0,inf,163768.0,7194.0,428
2024-04-01,14,6054,8110,184105.35000000076,30.41053022794859,3.9945325404691,13.0,inf,188996.0,7511.0,428
2024-04-01,15,6121,8236,180773.29000000082,29.53329357948061,3.699828459402064,13.0,inf,234627.0,8617.0,428
2024-04-01,16,5851,7740,188360.44000000117,32.19286275850302,3.6717296188685657,13.0,inf,280405.0,9291.0,428
2024-04-01,17,6451,8332,194086.39000000135,30.086248643621353,3.4148814137343066,12.0,inf,345586.0,9764.0,428
2024-04-01,18,6438,8189,183727.87000000107,28.538035104069753,3.2716790928859907,11.0,inf,262353.0,7630.0,428
2024-04-01,19,5612,7211,162988.65000000084,29.042881325730725,3.4935923022095525,10.0,inf,164687.0,4830.0,428
2024-04-01,20,5432,6396,151809.72000000032,27.947297496318175,3.6632566273932237,11.0,inf,118898.0,3252.0,428
2024-04-01,21,5346,6186,149795.39000000033,28.02008791619909,3.744197530864193,11.0,inf,93053.0,2169.0,427
2024-04-01,22,4027,4828,121551.50000000007,30.1841321082692,4.18985597218773,12.0,inf,69076.0,1429.0,428
2024-04-01,23,2471,3143,93532.79999999992,37.852205584783455,5.962929987859171,13.0,inf,41978.0,876.0,428
2024-04-02,0,1169,1534,42929.41999999999,36.7231993156544,5.511402908468777,11.0,inf,20299.0,535.0,419
2024-04-02,1,462,574,15393.159999999982,33.3185281385281,5.069696969696968,10.0,inf,7584.0,170.0,411
2024-04-02,2,226,278,6236.799999999999,27.596460176991148,3.8433628318584065,9.0,inf,5076.0,115.0,418
2024-04-02,3,191,255,8323.599999999999,43.57905759162303,6.990104712041885,14.0,inf,6392.0,239.0,411
2024-04-02,4,365,311,13914.380000000001,38.121589041095895,6.309260273972603,13.0,inf,18147.0,1083.0,424
2024-04-02,5,775,776,26537.840000000007,34.24237419354839,5.658529032258065,11.0,inf,65406.0,5729.0,428
2024-04-02,6,2137,1948,58908.94999999994,27.566190921853035,4.169401029480584,10.0,inf,150825.0,13235.0,428
2024-04-02,7,4666,4373,117266.26000000033,25.132074582083224,3.2119095585083626,11.0,inf,319162.0,22741.0,428
2024-04-02,8,6243,5730,163848.31000000035,26.245124139035777,21.72539163863529,14.0,inf,418979.0,24529.0,428
2024-04-02,9,5903,6342,155952.82000000012,26.419247840081336,2.8746213789598527,14.0,inf,258405.0,13674.0,428
2024-04-02,10,5687,7091,162271.5700000005,28.53377351855117,3.224520836996656,15.0,inf,164567.0,8039.0,428
2024-04-02,11,5997,7741,168354.75000000012,28.073161580790416,3.0355744538936147,15.0,inf,146727.0,6653.0,428
2024-04-02,12,7156,9099,196999.9000000002,27.529332029066545,2.8353409726103984,15.0,inf,158611.0,6768.0,428
2024-04-02,13,7233,9104,213357.92000000062,29.49784598368597,3.191312042029591,16.0,inf,173561.0,6949.0,428
2024-04-02,14,7949,9965,226665.36000000194,28.514952824254866,2.874364070952325,16.0,inf,216188.0,7605.0,428
2024-04-02,15,8184,10079,232083.50000000023,28.358198924731212,2.8781292766373436,16.0,inf,273983.0,8697.0,428
2024-04-02,16,8038,9604,255767.25000000035,31.819762378701213,3.162219457576506,16.0,inf,318997.0,9533.0,428
2024-04-02,17,9629,10568,284692.65000000154,29.56616990341692,2.7693415723335693,15.0,inf,420337.0,10131.0,428
2024-04-02,18,10241,10428,284978.0600000024,27.827171174690204,2.7203017283468385,14.0,inf,305604.0,8175.0,428
2024-04-02,19,8861,8851,229799.3000000013,25.933788511454836,2.763579731407286,12.0,inf,177640.0,4790.0,428
2024-04-02,20,9063,8685,226226.36000000063,24.96153150171032,3.057165397771154,12.0,inf,123378.0,3220.0,428
2024-04-02,21,8663,8207,220332.78000000012,25.43377351956598,3.2771522567239995,12.0,inf,97415.0,1970.0,427
2024-04-02,22,7002,6726,183624.37000000023,26.22456012567841,3.546483861753798,12.0,inf,75747.0,1464.0,427
2024-04-02,23,3466,3973,108701.08000000019,31.362111944604788,4.5595354875937675,12.0,inf,42275.0,902.0,425
2024-04-03,0,1699,2118,64643.84000000006,38.048169511477376,5.902707474985283,12.0,inf,21212.0,466.0,423
2024-04-03,1,616,769,20446.899999999983,33.19301948051945,4.997191558441557,11.0,inf,8012.0,155.0,412
2024-04-03,2,342,422,11534.990000000005,33.72804093567253,5.114473684210521,11.5,18.65347958545246,5141.0,105.0,412
2024-04-03,3,224,298,7467.309999999996,33.33620535714284,5.2715178571428565,11.0,19.759025481480972,6287.0,235.0,413
2024-04-03,4,241,257,9496.019999999997,39.40257261410787,6.398215767634854,14.0,inf,17864.0,1121.0,424
2024-04-03,5,803,720,23084.530000000002,28.747858032378584,4.340884184308842,9.0,inf,62900.0,5369.0,428
2024-04-03,6,2357,1998,60099.889999999905,25.498468392023717,3.7685999151463716,10.0,inf,146599.0,12744.0,428
2024-04-03,7,4943,4428,123427.52000000008,24.970163868096314,3.181915840582644,12.0,inf,312460.0,21836.0,428
2024-04-03,8,6656,5523,172352.91000000064,25.894367487980865,4.221739783653851,14.0,inf,410978.0,23485.0,428
2024-04-03,9,6475,6223,169320.46000000008,26.149877992278004,2.5609003861003843,14.0,inf,258437.0,13546.0,428
2024-04-03,10,5969,7164,162853.97000000064,27.283292008711783,3.6404674149773752,15.0,inf,168149.0,8083.0,428
2024-04-03,11,6330,7831,177026.2900000002,27.96623854660351,10.287375987361777,16.0,inf,150823.0,6632.0,428
2024-04-03,12,6843,8480,186928.80000000072,27.316790881192563,2.615957913195969,16.0,inf,158211.0,6125.0,428
2024-04-03,13,6541,8211,186541.78000000087,28.518847271059606,14.320781226112219,16.0,inf,174096.0,6776.0,428
2024-04-03,14,6894,8509,199785.70999999973,28.979650420655602,8.709270380040612,16.0,inf,216454.0,7104.0,428
2024-04-03,15,8039,9898,224062.30000000095,27.871911929344563,2.7955691006344114,15.0,inf,273433.0,8862.0,428
2024-04-03,16,8902,10031,272311.7400000013,30.589950572905106,2.767517411817571,17.0,inf,324840.0,9225.0,428
2024-04-03,17,10822,11721,324602.65000000165,29.99470060986894,2.68734891886897,17.0,inf,417633.0,9996.0,428
2024-04-03,18,11113,11815,322379.69000000163,29.009240529110198,2.499628363178263,14.0,inf,302600.0,7412.0,427
2024-04-03,19,9576,9008,261595.10000000102,27.317784043442046,7.441065162907283,12.0,inf,168205.0,4139.0,428
2024-04-03,20,9717,8755,239312.93000000127,24.62827312956687,2.9499331069260033,12.0,inf,115081.0,2719.0,428
2024-04-03,21,9381,8814,234695.54000000062,25.018179298582307,3.1623067903208524,12.0,inf,96309.0,1784.0,427
2024-04-03,22,7939,7417,203786.37000000122,25.66902254692042,3.3450094470336365,12.0,inf,85292.0,1379.0,428
2024-04-03,23,4833,4498,136944.72000000038,28.33534450651777,3.898172977446721,12.0,inf,42982.0,834.0,425
2024-04-04,0,1964,2351,67302.88000000002,34.26826883910388,5.006084521384925,12.0,inf,20973.0,443.0,418
2024-04-04,1,1026,1240,42127.33999999997,41.0597855750487,6.225964912280686,13.0,inf,7946.0,153.0,412
2024-04-04,2,724,929,33859.729999999974,46.76758287292814,7.490897790055245,15.0,inf,5073.0,124.0,404
2024-04-04,3,397,520,17253.730000000007,43.46027707808566,6.354508816120904,12.0,inf,6481.0,223.0,418
2024-04-04,4,502,386,17951.930000000004,35.760816733067735,5.722091633466134,13.0,inf,17920.0,1097.0,424
2024-04-04,5,1059,716,32353.09999999999,30.550613786591114,78.22272898961297,11.0,inf,65479.0,5701.0,428
2024-04-04,6,2455,1904,65071.38999999996,26.505657841140515,4.028313645621179,11.0,inf,149291.0,13029.0,428
2024-04-04,7,4791,4287,122065.5000000004,25.47808390732632,3.3261636401586356,11.0,inf,314060.0,22732.0,428
2024-04-04,8,6374,5620,164181.31,25.75797144650141,12.543145591465294,13.0,inf,399405.0,23622.0,428
2024-04-04,9,6268,6535,170288.13000000088,27.167857370772317,8.542375558391825,14.0,inf,261735.0,13538.0,428
2024-04-04,10,5645,6950,155968.23,27.629447298494245,3.1285349867139014,14.0,inf,175425.0,8477.0,428
2024-04-04,11,5997,7373,171782.70000000088,28.644772386193242,4.130967150241787,15.0,inf,158064.0,7124.0,428
2024-04-04,12,6344,7947,180162.92000000118,28.398947036570174,3.144319041614129,15.0,inf,167414.0,7112.0,428
2024-04-04,13,6557,8299,197968.88000000082,30.191990239438894,3.4337959432667353,16.0,inf,185276.0,7541.0,428
2024-04-04,14,6955,8899,207233.4100000008,29.796320632638505,3.3995916606757666,15.0,inf,227304.0,8238.0,428
2024-04-04,15,7148,9317,218820.56000000043,30.612837157246844,3.444475377728038,15.0,inf,287909.0,9562.0,428
2024-04-04,16,7456,9492,241466.6000000008,32.38554184549367,3.3739270386266256,14.0,inf,336777.0,10564.0,428
2024-04-04,17,8796,10459,263991.14000000013,30.012635288767637,3.0197589813551695,14.0,inf,417929.0,11211.0,428
2024-04-04,18,9855,11286,282979.4000000004,28.714297311009677,2.9075119228817767,14.0,inf,330297.0,9275.0,428
2024-04-04,19,9035,9996,250108.28000000038,27.682156059767614,3.0336646375207565,13.0,inf,211607.0,5850.0,427
2024-04-04,20,9922,9951,248407.04000000106,25.03598468050807,2.9412154807498525,12.0,inf,151887.0,4010.0,428
2024-04-04,21,9814,9748,247085.23000000094,25.17681169757499,3.084114530262892,12.0,inf,116864.0,2473.0,427
2024-04-04,22,9165,9103,246180.99000000017,26.86099181669396,3.3340010911074756,13.0,inf,97884.0,1703.0,426
2024-04-04,23,6820,6624,188001.32000000044,27.566175953079245,22.412008797654003,12.0,inf,54727.0,1047.0,426
2024-04-05,0,3614,3788,95283.84000000004,26.365201992252363,3.4593054786939694,11.0,inf,29705.0,526.0,422
2024-04-05,1,1706,2046,45136.63000000003,26.457579132473636,3.4956330597889793,10.0,inf,11444.0,211.0,414
2024-04-05,2,858,1119,22874.619999999977,26.660396270396244,3.3862121212121212,9.0,15.197292200996669,6713.0,112.0,420
2024-04-05,3,561,705,16139.890000000003,28.769857397504463,3.7709625668449203,9.0,inf,7201.0,231.0,417
2024-04-05,4,688,498,21299.049999999985,30.957921511627884,4.816424418604654,11.0,18.293227833155363,18047.0,1023.0,424
2024-04-05,5,1031,788,35198.44999999996,34.14010669253148,5.3979534432589755,11.0,inf,63662.0,5612.0,428
2024-04-05,6,1941,1705,57170.27000000004,29.454028851107697,4.5420968572900575,11.0,inf,140699.0,12384.0,428
2024-04-05,7,3763,3670,100435.61000000009,26.69030294977414,3.6666197183098572,11.0,inf,275704.0,20900.0,428
2024-04-05,8,4877,5064,125004.4700000001,25.63142710682799,3.175404962066843,12.0,inf,299973.0,19287.0,428
2024-04-05,9,5044,6009,135774.27000000046,26.917975812847036,3.155505551149877,13.0,inf,208173.0,11425.0,428
2024-04-05,10,5521,6822,159048.7700000004,28.807964136931787,3.3345227313892294,14.0,inf,163207.0,8109.0,428
2024-04-05,11,6122,7463,170762.09000000058,27.89318686703701,3.167077752368508,15.0,inf,156795.0,6486.0,428
2024-04-05,12,6599,7863,186969.20000000106,28.3329595393243,3.2964130928928532,14.0,inf,171663.0,6815.0,428
2024-04-05,13,6465,7895,185205.600000001,28.64742459396767,3.486505800464047,14.0,inf,187887.0,7413.0,428
2024-04-05,14,7358,9081,215279.60000000117,29.25789616743696,10.613636857841811,14.0,inf,238290.0,8165.0,428
2024-04-05,15,7582,9449,217814.6,28.72785544711158,3.2724136111843767,14.0,inf,292366.0,9422.0,428
2024-04-05,16,7500,9445,237149.3900000008,31.619918666666774,3.3003199999999957,14.0,inf,324967.0,10300.0,428
2024-04-05,17,8559,10518,253692.6500000006,29.640454492347306,3.0327386376913146,14.0,inf,337986.0,10658.0,428
2024-04-05,18,9227,10611,256955.72999999984,27.84824211553049,2.8831061016581776,13.0,inf,272095.0,8490.0,428
2024-04-05,19,9262,9886,244692.29999999964,26.418948391276142,2.880851867847117,12.0,inf,199189.0,5878.0,428
2024-04-05,20,8672,9251,220015.21999999846,25.37075876383746,3.47402098708487,13.0,inf,148403.0,3875.0,428
2024-04-05,21,7768,9178,195948.54999999976,25.225096549948475,14.11723867147268,12.0,inf,118995.0,2613.0,426
2024-04-05,22,8492,9446,221297.63999999943,26.059543099387593,3.1488459726801645,13.0,inf,107418.0,1940.0,427
2024-04-05,23,8798,8924,232943.0399999995,26.476817458513242,9.42766651511706,13.0,inf,75433.0,1325.0,426
2024-04-06,0,7651,7250,190198.47999999954,24.859296823944522,3.0801973598222503,12.0,inf,42680.0,708.0,418
2024-04-06,1,5713,5708,134027.1,23.460021004726066,2.9408314370733457,11.0,inf,19651.0,353.0,403
2024-04-06,2,4256,4341,92983.60000000003,21.847650375939857,2.704276315789475,11.0,inf,11442.0,186.0,401
2024-04-06,3,2794,2438,64860.92000000003,23.214359341445967,3.1109985683607753,10.0,inf,8355.0,154.0,404
2024-04-06,4,1712,1193,47564.22000000003,27.782838785046746,3.935461448598131,11.0,inf,11965.0,385.0,415
2024-04-06,5,723,643,23596.529999999988,32.636970954356826,4.899889349930846,11.0,inf,23109.0,1301.0,416
2024-04-06,6,926,977,34084.21999999995,36.80801295896323,76.6510583153348,11.0,inf,45941.0,2766.0,417
2024-04-06,7,1422,1669,46612.63999999996,32.77963431786214,37.82947960618846,10.0,inf,72157.0,4525.0,416
2024-04-06,8,2358,2834,60076.99999999999,25.477947413061912,3.4111323155216295,9.0,inf,92153.0,5144.0,420
2024-04-06,9,3525,4431,86991.14999999995,24.6783404255319,3.136470921985816,10.0,inf,109339.0,5315.0,416
2024-04-06,10,4781,6317,118347.5800000002,24.75372934532529,3.0374712403262984,10.0,inf,123538.0,5419.0,417
2024-04-06,11,5831,7647,142929.35000000053,24.511979077345316,2.888967587034823,11.0,inf,141572.0,5969.0,414
2024-04-06,12,6406,8412,161377.64000000048,25.19163908835474,2.9238557602247917,12.0,inf,159883.0,6666.0,416
2024-04-06,13,6478,8458,182902.33000000083,28.234382525470952,3.2842760111145326,14.0,inf,170692.0,6745.0,419
2024-04-06,14,6171,8422,177610.13000000035,28.781417922540975,3.3052017501215287,14.0,inf,180195.0,6860.0,417
2024-04-06,15,6292,8622,183034.9000000012,29.090098537825998,3.2406166560711975,15.0,inf,194401.0,6853.0,419
2024-04-06,16,7207,10096,210698.73000000138,29.235289302067624,5.089815457194395,14.0,inf,201037.0,6799.0,416
2024-04-06,17,7285,9808,194848.81000000035,26.74657652711055,2.9523733699382264,14.0,inf,194704.0,6532.0,417
2024-04-06,18,7939,9793,203974.51999999996,25.692722005290335,8.466184658017383,14.0,inf,177955.0,5634.0,415
2024-04-06,19,8117,9112,208998.89000000028,25.748292472588428,11.121277565603059,14.0,inf,145261.0,4393.0,415
2024-04-06,20,7196,8228,188638.26000000065,26.214321845469797,10.867144246803779,13.0,inf,111616.0,3228.0,416
2024-04-06,21,6899,8516,178970.7300000009,25.941546600956794,3.0310726192201782,13.0,inf,102011.0,2300.0,413
2024-04-06,22,8226,9373,213299.89000000095,25.929964745927663,11.017477510333068,14.0,inf,97198.0,1616.0,412
2024-04-06,23,9193,9066,245763.23000000056,26.733735450886606,3.2135211574023756,14.0,inf,70312.0,1244.0,413
2024-04-07,0,8068,7758,202627.08000000037,25.114908279623247,2.9869620723847334,12.0,inf,38174.0,741.0,410
2024-04-07,1,5948,6214,135857.15000000005,22.840812037659727,2.688666778749157,11.0,inf,18481.0,342.0,405
2024-04-07,2,4329,4582,97530.19999999994,22.529498729498716,2.7159136059136038,11.0,inf,10951.0,152.0,402
2024-04-07,3,3010,2913,69476.30999999997,23.081830564784042,3.016039867109634,10.0,inf,8038.0,128.0,397
2024-04-07,4,1957,1529,55040.61,28.12499233520695,4.079489013796628,11.0,inf,10086.0,262.0,406
2024-04-07,5,767,692,28224.51000000001,36.79857887874838,5.6837548891786165,12.0,inf,16555.0,781.0,413
2024-04-07,6,969,1011,36545.01999999999,37.71415892672857,6.045500515995869,11.0,inf,31937.0,1578.0,416
2024-04-07,7,1359,1595,47955.59999999995,35.287417218543006,5.580809418690219,10.0,inf,49912.0,2640.0,419
2024-04-07,8,1991,2474,56341.03999999993,28.297860371672492,25.107694625816183,9.0,inf,64066.0,3329.0,415
2024-04-07,9,3208,4119,86550.11000000003,26.97946072319203,3.697612219451375,10.0,inf,86099.0,3807.0,415
2024-04-07,10,4647,5983,119176.84000000053,25.645973746503234,3.2931353561437535,10.0,inf,104622.0,4235.0,415
2024-04-07,11,5353,6882,133325.75000000067,24.906734541378793,3.1080179338688603,10.0,inf,119508.0,4656.0,417
2024-04-07,12,6142,7818,165665.02000000115,26.972487788994002,3.4028052751546696,12.0,inf,137391.0,5296.0,416
2024-04-07,13,6125,8007,180963.10000000105,29.54499591836752,3.813733877551022,13.0,inf,144866.0,5665.0,416
2024-04-07,14,6399,8364,193815.46000000066,30.288398187216856,3.8465072667604456,14.0,inf,150727.0,5807.0,415
2024-04-07,15,5846,7907,184484.0700000013,31.557316113582157,3.946691755046198,14.0,inf,150820.0,5459.0,417
2024-04-07,16,5906,7995,193133.72000000047,32.70127328140882,4.1944954283779206,15.0,inf,153164.0,4849.0,417
2024-04-07,17,5957,7952,179353.8700000007,30.108086285042923,3.631277488668794,14.0,inf,151460.0,4523.0,416
2024-04-07,18,5641,7136,172420.8000000006,30.565644389292785,3.7667789399042646,14.0,inf,134725.0,4091.0,419
2024-04-07,19,5066,6144,156701.2000000007,30.93193841294921,4.180840900118431,13.0,inf,104928.0,3056.0,416
2024-04-07,20,4848,5789,142995.86000000057,29.495845709571075,14.668908828382843,12.0,inf,83559.0,2389.0,412
2024-04-07,21,4338,5253,133664.7000000005,30.812517289073423,4.322277547256796,12.0,inf,71490.0,1654.0,416
2024-04-07,22,3527,4283,119443.19000000025,33.865378508647645,5.017555996597677,12.0,inf,54515.0,1159.0,415
2024-04-07,23,2253,2808,88621.96000000012,39.335090989791446,6.219196626719935,13.0,inf,33228.0,728.0,410
2024-04-08,0,1041,1319,40436.57000000002,38.84396733909704,6.107915465898177,13.0,inf,15913.0,362.0,410
2024-04-08,1,447,557,15084.620000000006,33.74635346756153,5.129015659955257,10.0,inf,6842.0,133.0,396
2024-04-08,2,254,308,8136.990000000001,32.0353937007874,4.776653543307087,10.0,inf,4758.0,108.0,395
2024-04-08,3,200,264,6514.289999999997,32.571449999999984,170.1844999999999,11.0,inf,5945.0,207.0,405
2024-04-08,4,419,348,15036.109999999993,35.88570405727922,6.144606205250596,12.0,inf,17442.0,1023.0,421
2024-04-08,5,796,652,25112.969999999987,31.548957286432145,343.0184547738691,10.0,inf,63764.0,5411.0,428
2024-04-08,6,1950,1751,57880.70000000003,29.682410256410275,21.537364102564045,11.0,inf,145770.0,12743.0,428
2024-04-08,7,3908,3833,102446.96000000012,26.214677584442203,3.5455092118730787,11.0,inf,290676.0,21167.0,428
2024-04-08,8,4914,5102,129118.11000000045,26.275561660561753,3.214770044770043,12.0,inf,334668.0,20809.0,428
2024-04-08,9,4649,5393,127623.39000000044,27.451793934179488,3.2891740159174008,13.0,inf,204176.0,11642.0,428
2024-04-08,10,4681,5737,130992.17000000022,27.98380046998509,3.3526297799615477,13.0,inf,141851.0,7370.0,428
2024-04-08,11,4918,6280,141153.90000000078,28.701484343229115,8.64157991053274,14.0,inf,130024.0,6132.0,428
2024-04-08,12,5345,6704,150321.01000000065,28.123668849392075,3.4299008419083212,13.0,inf,147611.0,6654.0,428
2024-04-08,13,5772,7146,169054.68000000066,29.288752598752712,3.7030318780318745,13.0,inf,171484.0,7028.0,428
2024-04-08,14,6441,7938,184638.68000000095,28.666151218755,3.629863375252275,12.0,inf,197526.0,7111.0,428
2024-04-08,15,5972,7703,176832.95000000097,29.61033991962508,3.7673459477561972,13.0,inf,234719.0,7469.0,428
2024-04-08,16,5877,7537,185306.80000000025,31.53084907265616,3.7571924451250536,11.0,inf,283309.0,9292.0,428
2024-04-08,17,6528,7995,187643.58000000034,28.744420955882404,3.2478155637254837,11.0,inf,334569.0,9628.0,428
2024-04-08,18,7468,9067,204486.3300000012,27.38167246920209,2.9862171933583257,10.0,inf,258326.0,7713.0,428
2024-04-08,19,5537,6864,165962.65000000107,29.973388116308662,3.6243796279573677,10.0,inf,154259.0,4514.0,428
2024-04-08,20,5824,6597,160164.25000000076,27.50072973901112,3.56182177197802,11.0,inf,116490.0,3073.0,428
2024-04-08,21,5384,5948,151769.26000000036,28.188941307578077,3.779013744427941,11.0,inf,82207.0,1966.0,428
2024-04-08,22,4600,5472,132458.95000000042,28.79542391304357,3.8189608695652146,12.0,inf,65306.0,1259.0,428
2024-04-08,23,2734,3397,97346.95000000029,35.60605340160947,5.30559985369422,12.0,inf,24346.0,512.0,425
2024-04-09,0,1254,1577,45895.81999999997,36.59953748006377,5.772751196172247,12.0,inf,19866.0,419.0,419
2024-04-09,1,547,672,18409.389999999985,33.655191956124284,5.301919561243146,11.0,inf,7617.0,160.0,415
2024-04-09,2,221,275,6001.0300000000025,27.1539819004525,3.7926696832579183,9.0,inf,4947.0,122.0,408
2024-04-09,3,176,205,5651.77,32.11232954545455,4.5476136363636375,11.5,inf,6187.0,219.0,411
2024-04-09,4,216,229,8991.499999999998,41.62731481481481,6.919907407407409,13.0,inf,17998.0,1157.0,421
2024-04-09,5,707,717,25019.649999999983,35.38847241867042,5.73288543140028,11.0,inf,66520.0,5873.0,428
2024-04-09,6,1760,1756,47761.89999999991,27.137443181818128,4.008198863636367,10.0,inf,155441.0,13901.0,428
2024-04-09,7,4057,4218,106425.71000000021,26.232612768055265,16.914626571358145,12.0,inf,322376.0,23098.0,428
2024-04-09,8,5470,5645,143101.5900000007,26.161168190128098,3.0134606946983586,13.0,inf,402743.0,23649.0,428
2024-04-09,9,5506,6177,146446.10000000036,26.59754812931354,2.9515437704322514,14.0,inf,247955.0,13774.0,428
2024-04-09,10,5386,6513,153115.9000000006,28.42849981433357,3.1745896769402173,14.0,inf,157633.0,8206.0,428
2024-04-09,11,5466,6682,155514.1700000005,28.451183680936794,3.1298261983168736,15.0,inf,139756.0,6859.0,428
2024-04-09,12,6012,7296,172686.01000000042,28.723554557551633,3.677275449101797,14.0,inf,148780.0,6677.0,428
2024-04-09,13,6236,7639,180282.46000000028,28.90995189223866,3.260089801154588,15.0,inf,168042.0,7545.0,428
2024-04-09,14,6744,8436,201811.84000000104,29.924650059312135,3.4712514827995253,15.0,inf,211629.0,7658.0,428
2024-04-09,15,6757,8422,200355.2800000011,29.651513985496685,3.423924818706535,15.0,inf,270373.0,9198.0,428
2024-04-09,16,6923,8643,225287.76000000114,32.54192691029917,3.36752997255525,14.0,inf,320704.0,10212.0,428
2024-04-09,17,7879,9310,244484.09000000134,31.029837542835555,3.144593222490165,15.0,inf,410512.0,10781.0,428
2024-04-09,18,8733,9981,255210.7900000003,29.223724951334056,2.9644085652124157,14.0,inf,309081.0,8907.0,428
2024-04-09,19,7839,8749,224108.46000000092,28.588909299655686,3.163117744610274,12.0,inf,192502.0,5472.0,428
2024-04-09,20,8173,8190,206348.78000000003,25.24761776581427,3.108594151474373,11.0,inf,137059.0,3524.0,428
2024-04-09,21,8966,8683,233182.57000000062,26.007424715592308,3.4086013830024533,12.0,inf,112810.0,2235.0,427
2024-04-09,22,8071,7689,218043.4100000001,27.015662247552978,3.532159583694707,12.0,inf,89034.0,1630.0,427
2024-04-09,23,5554,4886,162000.47000000012,29.168251710478955,4.059009722722366,12.0,inf,24858.0,476.0,424
2024-04-10,0,2105,2071,58632.75000000002,27.854038004750603,3.885401425178145,11.0,inf,23655.0,492.0,422
2024-04-10,1,728,882,20373.57999999998,27.985686813186785,3.8220741758241767,9.0,inf,9074.0,192.0,415
2024-04-10,2,329,400,8675.410000000002,26.369027355623107,3.2690273556231,9.0,inf,5574.0,130.0,409
2024-04-10,3,191,247,5312.410000000001,27.81366492146597,3.851308900523561,10.0,inf,6390.0,225.0,418
2024-04-10,4,322,303,12547.08,38.966086956521735,6.102049689440993,13.0,inf,17528.0,1088.0,424
2024-04-10,5,713,634,23918.779999999995,33.54667601683029,4.972412342215987,10.0,inf,63265.0,5620.0,428
2024-04-10,6,2051,1776,60162.08999999996,29.333052169673312,40.02713798147245,11.0,73.7778016389831,136790.0,12022.0,428
2024-04-10,7,3752,3557,97635.13000000006,26.022156183368885,53.68047974413646,11.0,inf,252712.0,19266.0,428
2024-04-10,8,4817,4715,123779.62000000027,25.69641270500317,17.679223583143024,12.0,inf,357568.0,20433.0,428
2024-04-10,9,5137,5422,132850.47999999998,25.861491142690284,2.9204399454934786,13.0,inf,242689.0,12417.0,428
2024-04-10,10,5293,6237,140876.30000000042,26.61558662384289,3.037664840355185,13.0,inf,160361.0,8229.0,428
2024-04-10,11,5667,6741,149500.48000000024,26.380885830245322,2.8843162166931324,13.0,inf,146309.0,6966.0,428
2024-04-10,12,6139,7248,171772.7400000004,27.980573383287243,3.2020035836455487,14.0,inf,156411.0,7086.0,428
2024-04-10,13,6337,7738,178292.72000000023,28.135193309136852,3.278100047341014,13.0,inf,167871.0,7256.0,428
2024-04-10,14,6490,7790,185506.61000000135,28.583453004622704,3.4384730354391415,13.0,inf,189558.0,7606.0,428
2024-04-10,15,6646,8034,187531.56000000105,28.21720734276272,3.375195606379775,12.0,inf,235905.0,8341.0,428
2024-04-10,16,7113,8492,218435.9500000007,30.70939828483069,3.4004175453395193,13.0,inf,298709.0,9687.0,428
2024-04-10,17,8455,9164,237677.17000000115,28.110842105263295,3.031183914843295,12.0,inf,388979.0,10059.0,428
2024-04-10,18,9524,10075,255997.61000000176,26.87921146577087,8.032470600587972,11.0,inf,297377.0,8240.0,428
2024-04-10,19,8210,8719,222717.68000000113,27.12761023142523,3.170049939098655,11.0,inf,184542.0,5105.0,428
2024-04-10,20,8379,8156,213936.66000000064,25.532481203007595,12.941035923141195,12.0,32.5153471580579,134080.0,3381.0,428
2024-04-10,21,8105,7827,225131.80000000016,27.776903146206067,3.65558050586058,12.0,inf,109262.0,2142.0,428
2024-04-10,22,7532,6520,221891.44000000082,29.459830058417527,3.8371720658523616,12.0,inf,94834.0,1609.0,427
2024-04-10,23,5800,4930,168474.75000000073,29.0473706896553,18.764694827586183,12.0,inf,46772.0,950.0,423
2024-04-11,0,3091,2464,79511.84000000003,25.72366224522809,3.5849563248139775,11.0,inf,22754.0,457.0,425
2024-04-11,1,1100,1095,29511.949999999968,26.829045454545426,3.768454545454547,10.0,inf,8756.0,187.0,414
2024-04-11,2,519,519,13746.61,26.486724470134877,3.762504816955683,10.0,inf,5284.0,113.0,415
2024-04-11,3,349,336,9350.089999999995,26.791088825214885,9.908739255014325,10.0,inf,6355.0,207.0,416
2024-04-11,4,565,366,19598.379999999986,34.68739823008847,5.82316814159292,13.0,inf,17977.0,1109.0,424
2024-04-11,5,1009,705,33624.32999999993,33.324410307234814,5.463201189296332,11.0,inf,65526.0,5632.0,428
2024-04-11,6,2421,1952,64975.87999999995,26.838446922759168,4.0144568360181765,11.0,inf,150848.0,13187.0,428
2024-04-11,7,5001,4367,132805.4600000003,26.555780843831297,10.183653269346124,12.0,inf,312512.0,22034.0,428
2024-04-11,8,6437,5513,176023.50000000035,27.345580239241936,2.957508155973283,14.0,inf,394150.0,23399.0,428
2024-04-11,9,5950,5924,162890.62000000023,27.376574789916006,2.8705210084033546,14.0,inf,250921.0,13384.0,428
2024-04-11,10,5491,6493,146626.3900000004,26.70303951921333,2.9870861409579357,13.0,inf,160230.0,7985.0,428
2024-04-11,11,5682,6971,158075.20000000022,27.820344948961672,10.083699401619151,14.0,inf,142431.0,6648.0,425
2024-04-11,12,5991,7246,179009.2900000007,29.879701218494525,3.3606309464196276,15.0,inf,149961.0,6494.0,426
2024-04-11,13,6031,7463,179222.2300000007,29.7168346874483,3.4967982092521885,14.0,inf,168292.0,7077.0,425
2024-04-11,14,6928,8575,209743.9600000011,30.27482101616644,3.5078074480369534,15.0,inf,211650.0,7645.0,428
2024-04-11,15,8129,9815,242308.66000000108,29.80792963464154,3.282397588879315,15.0,inf,279332.0,9326.0,428
2024-04-11,16,7797,8870,256521.59000000148,32.90003719379268,3.4069129152238062,15.0,inf,317956.0,10360.0,428
2024-04-11,17,9972,10393,296101.65000000125,29.693306257521183,7.87835840352988,15.0,inf,404720.0,10645.0,428
2024-04-11,18,10735,11189,300436.8800000008,27.986667908709904,2.780508616674431,14.0,inf,302590.0,8423.0,428
2024-04-11,19,10656,10974,282857.88000000134,26.544470720720845,2.7612772147147213,13.0,inf,190662.0,5448.0,428
2024-04-11,20,9809,9313,248771.46000000066,25.36155163625249,2.9394097257620544,13.0,inf,131936.0,3329.0,428
2024-04-11,21,10047,9502,258892.97999999998,25.768187518662284,3.1484423210908807,13.0,inf,106771.0,2109.0,427
2024-04-11,22,9314,8750,254107.2100000006,27.28228580631314,3.473286450504618,13.0,inf,85058.0,1505.0,425
2024-04-11,23,7022,6271,187142.87000000034,26.650935630874443,10.651522358302481,12.0,inf,49592.0,949.0,424
2024-04-12,0,4540,3804,122725.9400000002,27.032145374449385,3.7134140969163014,11.0,inf,28922.0,516.0,423
2024-04-12,1,2072,2047,58601.82999999993,28.282736486486453,4.018619691119691,11.0,inf,10104.0,178.0,415
2024-04-12,2,911,1039,22632.919999999995,24.844039517014263,3.3375631174533504,10.0,inf,6164.0,126.0,401
2024-04-12,3,511,575,14617.52999999999,28.60573385518589,181.66663405088065,10.0,473.9537837850091,6453.0,237.0,414
2024-04-12,4,693,438,23418.64000000005,33.79313131313138,5.2138672438672415,12.0,inf,17298.0,1013.0,425
2024-04-12,5,995,672,33650.50000000006,33.819597989949806,5.248060301507538,12.0,inf,61503.0,5150.0,428
2024-04-12,6,2118,1712,63915.119999999944,30.177110481586375,4.599471199244564,11.0,inf,137650.0,12005.0,428
2024-04-12,7,3873,3642,106154.90000000029,27.408959462948694,3.6783372063000224,12.0,inf,267087.0,19514.0,428
2024-04-12,8,4807,4854,126146.47000000019,26.242244643228666,14.274609943831924,12.0,inf,291546.0,18840.0,428
2024-04-12,9,4684,5542,120449.66000000027,25.715128095644804,11.40292485055508,12.0,inf,195276.0,10993.0,428
2024-04-12,10,4879,5848,133097.45000000068,27.279657716745373,3.164783767165404,13.0,inf,145665.0,7388.0,428
2024-04-12,11,5536,6851,152610.4900000005,27.56692377167639,3.5252456647398827,14.0,inf,141074.0,6312.0,428
2024-04-12,12,6735,8052,175451.62000000072,26.050723088344576,2.8952115812917634,13.0,inf,157754.0,6456.0,428
2024-04-12,13,6981,7751,192482.0800000008,27.572279043117145,10.82559948431456,14.0,inf,176422.0,6871.0,428
2024-04-12,14,6675,8020,194524.3000000011,29.142217228464585,3.3327760299625506,14.0,inf,220808.0,7507.0,428
2024-04-12,15,7115,8655,213983.85000000123,30.075031623331164,3.5597610681658454,14.0,inf,270958.0,9051.0,428
2024-04-12,16,6979,8597,223789.89000000063,32.066182834217024,3.513486172804125,14.0,inf,293625.0,10004.0,428
2024-04-12,17,7674,9234,228189.28000000084,29.7353765962993,3.1717122752150138,13.0,inf,315483.0,9662.0,428
2024-04-12,18,8159,9911,234199.74000000098,28.704466233607178,2.9707598970462024,13.0,inf,254988.0,8016.0,428
2024-04-12,19,7830,9699,216478.25000000084,27.647286079182738,2.8745185185185287,12.0,inf,187014.0,5408.0,428
2024-04-12,20,6637,8384,176351.72999999975,26.571000452011415,2.999858369745366,13.0,inf,137994.0,3694.0,428
2024-04-12,21,6371,8792,178766.03999999998,28.059337623606964,3.2028048971903975,13.0,inf,111276.0,2411.0,425
2024-04-12,22,7334,9742,203396.36000000007,27.73334605944915,3.2171952549768204,13.0,inf,104720.0,1890.0,428
2024-04-12,23,7634,8604,205784.15000000052,26.956268011527445,3.2453510610427054,14.0,inf,72689.0,1318.0,426
2024-04-13,0,6971,7207,176864.21000000037,25.371425907330423,8.499816382154641,13.0,inf,46365.0,719.0,417
2024-04-13,1,5691,5998,133285.06000000017,23.42032331751892,2.801186083289402,12.0,inf,20715.0,291.0,410
2024-04-13,2,4040,4371,89580.22000000022,22.173321782178274,2.644504950495047,11.0,inf,11560.0,147.0,411
2024-04-13,3,2489,2751,57900.1199999998,23.2624025713137,2.9165648854961823,10.0,inf,8364.0,150.0,404
2024-04-13,4,1290,1352,36068.50000000001,27.96007751937985,3.920689922480629,11.0,inf,11865.0,357.0,412
2024-04-13,5,518,534,20218.17999999999,39.0312355212355,5.92633204633205,12.0,inf,23135.0,1261.0,418
2024-04-13,6,894,905,29769.069999999938,33.29873601789702,5.3678076062639875,10.0,inf,46245.0,2725.0,419
2024-04-13,7,1433,1569,44207.609999999906,30.849692951849203,4.60122819260293,9.0,inf,72664.0,4483.0,418
2024-04-13,8,2587,3069,69917.36000000028,27.026424429841622,3.795539234634706,9.0,inf,96198.0,5373.0,419
2024-04-13,9,3700,4552,88647.91000000027,23.958894594594668,3.040637837837837,10.0,inf,115932.0,5400.0,418
2024-04-13,10,5106,6594,116739.7000000006,22.863239326282923,2.738397963180574,10.0,inf,132391.0,5376.0,420
2024-04-13,11,6248,7934,148230.4300000007,23.72446062740088,2.9883130601792516,11.0,inf,151545.0,5805.0,419
2024-04-13,12,7258,8826,178385.4400000008,24.577767980159933,16.643542298153797,12.0,inf,169583.0,6378.0,419
2024-04-13,13,6736,8571,180605.99000000127,26.812053147268596,3.1738672802850347,13.0,inf,176615.0,6591.0,419
2024-04-13,14,6723,8720,179462.81000000067,26.69385839654926,3.149085229808137,13.0,inf,184333.0,6515.0,414
2024-04-13,15,7117,9511,188239.17000000045,26.44923001264584,3.0740508641281505,13.0,inf,196351.0,6530.0,417
2024-04-13,16,7181,9786,194801.48000000045,27.127347166132914,3.0740983149979226,14.0,inf,197828.0,6012.0,419
2024-04-13,17,7507,9836,195247.960000001,26.008786465965233,2.838602637538285,13.0,inf,186522.0,5912.0,417
2024-04-13,18,7931,10220,204507.67000000115,25.785861808094964,2.882923969234654,14.0,inf,172642.0,5233.0,418
2024-04-13,19,7621,9847,198088.3200000017,25.992431439443866,2.980637711586416,13.0,inf,143849.0,3934.0,416
2024-04-13,20,6500,8290,174139.56000000075,26.790701538461654,10.445724615384622,13.0,inf,113979.0,2930.0,414
2024-04-13,21,6538,8823,173154.5300000002,26.484327011318477,11.97550474151126,13.0,inf,98902.0,2068.0,414
2024-04-13,22,7410,9763,194237.11000000034,26.212835357624876,11.703866396761125,13.0,inf,89835.0,1543.0,416
2024-04-13,23,8167,8646,209601.29000000053,25.664416554426413,3.1296436880127283,13.0,inf,65752.0,1135.0,412
2024-04-14,0,7670,7562,190249.6299999999,24.8043846153846,3.0457275097783656,12.0,inf,44002.0,641.0,410
2024-04-14,1,6791,6594,155884.77000000014,22.95461198645268,2.800472684435279,11.0,inf,21447.0,275.0,404
2024-04-14,2,4856,4766,110866.75000000007,22.830879324546967,2.797712108731465,11.0,inf,12221.0,138.0,400
2024-04-14,3,2841,3017,64521.699999999924,22.710911650827146,2.8500140795494575,10.0,inf,8336.0,138.0,404
2024-04-14,4,1753,1583,45878.549999999974,26.17144894466627,3.788151739874501,11.0,inf,10057.0,232.0,407
2024-04-14,5,619,626,24789.979999999985,40.048432956381234,6.241550888529887,13.0,inf,16932.0,729.0,414
2024-04-14,6,1002,901,36425.549999999974,36.35284431137722,6.109730538922153,12.0,inf,32409.0,1568.0,414
2024-04-14,7,1438,1648,49342.00999999993,34.31294158553542,37.04273991655075,10.0,inf,50976.0,2667.0,415
2024-04-14,8,2036,2532,56276.49999999992,27.640717092337876,4.008973477406682,9.0,inf,71068.0,3446.0,415
2024-04-14,9,3156,3968,82732.93000000011,26.21448986058305,3.5654657794676825,10.0,inf,94090.0,3972.0,416
2024-04-14,10,4260,5412,112859.63000000032,26.492870892018857,3.487652582159638,10.0,inf,110837.0,4140.0,416
2024-04-14,11,5174,6568,134662.24,26.026718206416696,3.2716563587166587,11.0,inf,128528.0,4591.0,418
2024-04-14,12,6164,7450,170735.1700000004,27.698762167423816,3.4594078520441296,13.0,inf,151866.0,5317.0,415
2024-04-14,13,7383,8562,219508.83000000124,29.731657862657624,6.715366382229452,15.0,inf,167929.0,6008.0,415
2024-04-14,14,6648,7719,212439.11000000066,31.955341456077115,4.011477135980746,16.0,inf,154762.0,5571.0,418
2024-04-14,15,6002,7422,195521.98000000085,32.57613795401547,18.16722759080304,15.5,inf,159536.0,5128.0,418
2024-04-14,16,6353,8085,206641.12000000046,32.52654179127978,4.042184794585228,16.0,inf,167025.0,4824.0,417
2024-04-14,17,6191,8122,192171.3200000003,31.04043288644812,3.8200726861573218,15.0,inf,164728.0,4543.0,416
2024-04-14,18,6171,8145,188615.85000000114,30.564876033058034,3.9289321017663346,13.0,inf,145075.0,4216.0,417
2024-04-14,19,5201,6976,153373.1100000008,29.489157854258952,3.8193289751970814,13.0,inf,120730.0,3303.0,415
2024-04-14,20,5043,6516,154464.5400000004,30.629494348602098,3.9836248264921714,12.0,inf,98293.0,2558.0,418
2024-04-14,21,6465,6949,172432.49000000066,26.671692188708533,3.3344160866202612,12.0,inf,80484.0,1863.0,415
2024-04-14,22,3826,4529,129366.23000000005,33.81239675901726,4.88001568217459,13.0,inf,55083.0,1111.0,420
2024-04-14,23,2384,3008,97607.26000000036,40.94264261744981,6.422046979865776,14.0,inf,33944.0,696.0,417
2024-04-15,0,1525,1881,67711.56000000007,44.401022950819716,7.410426229508195,14.0,inf,16580.0,363.0,412
2024-04-15,1,714,881,29750.62,41.6675350140056,6.75114845938375,13.0,inf,7169.0,126.0,408
2024-04-15,2,308,421,9502.409999999998,30.851980519480513,4.593279220779222,10.0,inf,4978.0,83.0,404
2024-04-15,3,243,299,9366.240000000003,38.54419753086421,5.882469135802471,11.0,inf,6127.0,201.0,410
2024-04-15,4,329,323,13191.359999999999,40.09531914893617,6.435775075987843,14.0,inf,17675.0,1115.0,425
2024-04-15,5,752,715,26893.529999999977,35.762672872340396,5.688257978723403,11.0,inf,65136.0,5438.0,428
2024-04-15,6,2000,1938,61522.72999999992,30.761364999999962,43.676915000000015,10.0,inf,150886.0,13002.0,428
2024-04-15,7,4038,4013,113148.26000000024,28.020866765725668,16.0252996532937,12.0,inf,306053.0,21811.0,428
2024-04-15,8,5021,5219,134212.7000000004,26.730272854013222,3.195845449113717,13.0,inf,359367.0,22257.0,428
2024-04-15,9,4856,5621,129462.24000000022,26.660263591433324,3.092458813838538,13.0,inf,223738.0,12260.0,428
2024-04-15,10,4814,5975,138958.13000000018,28.865419609472408,3.3994640631491433,14.0,inf,155096.0,7990.0,428
2024-04-15,11,5093,6396,147030.33000000013,28.86910072648736,3.2923601021009232,14.0,inf,142207.0,6684.0,428
2024-04-15,12,5473,6763,160062.7200000005,29.24588342773625,3.4178786771423324,14.0,inf,153648.0,6679.0,428
2024-04-15,13,5706,7096,170702.8100000007,29.91637048720657,3.6509095688748534,14.0,inf,174220.0,7469.0,428
2024-04-15,14,6347,7966,198417.50000000146,31.261619662833063,3.888608791555067,14.0,inf,213515.0,7738.0,428
2024-04-15,15,6589,8191,202034.98000000138,30.662464713917345,3.713917134618296,14.0,inf,270370.0,9303.0,428
2024-04-15,16,6551,8175,220066.26000000074,33.59277362234785,3.778975728896349,14.0,inf,314792.0,10336.0,428
2024-04-15,17,7211,8608,217840.33000000077,30.20944806545566,3.2433601442241025,13.0,inf,373746.0,10345.0,428
2024-04-15,18,7105,8696,205141.89000000118,28.87289092188616,3.135087966220979,12.0,inf,277318.0,7978.0,428
2024-04-15,19,5662,7113,171171.85000000068,30.23169374779242,14.596667255386789,11.0,inf,176311.0,5291.0,428
2024-04-15,20,5601,6935,159270.51000000027,28.436084627745092,3.6016514908052084,11.0,inf,133856.0,3438.0,428
2024-04-15,21,5624,6710,157077.22000000035,27.929804409672894,3.5951902560455165,12.0,inf,99320.0,2095.0,428
2024-04-15,22,5018,5928,149977.93000000046,29.887989238740627,4.04282383419688,12.0,inf,77040.0,1462.0,427
2024-04-15,23,2759,3249,94776.05000000015,34.351594780717704,5.186469735411375,12.0,inf,41914.0,927.0,423
2024-04-16,0,1454,1757,53080.71000000001,36.50667812929849,5.4284594222833595,12.0,inf,21292.0,457.0,419
2024-04-16,1,603,715,20082.36,33.304079601990054,4.924776119402984,11.0,inf,7950.0,186.0,412
2024-04-16,2,261,300,6983.15,26.75536398467433,3.7341762452107274,9.0,16.90381502929813,4938.0,106.0,408
2024-04-16,3,217,258,6300.64,29.03520737327189,4.128202764976959,10.0,17.343829572904625,6433.0,226.0,412
2024-04-16,4,312,344,12789.37999999999,40.991602564102536,6.612756410256411,14.5,inf,18309.0,1166.0,423
2024-04-16,5,688,668,23983.74999999999,34.86010174418603,5.563066860465112,11.0,inf,67312.0,5914.0,428
2024-04-16,6,1954,1954,57051.21999999994,29.197144319344904,4.414836233367452,11.0,inf,158889.0,14145.0,428
2024-04-16,7,4250,4307,112337.45000000013,26.43234117647062,3.4129670588235332,12.0,inf,328790.0,23226.0,428
2024-04-16,8,5647,5833,146058.19000000038,25.86474057021434,2.9003152116167903,13.0,inf,416698.0,24201.0,428
2024-04-16,9,5403,6075,140618.95000000027,26.02608735887475,2.7359170831019872,14.0,inf,258811.0,13496.0,428
2024-04-16,10,5470,6510,150432.45000000056,27.501361974405953,2.984531992687387,14.0,inf,166701.0,8374.0,428
2024-04-16,11,5325,6694,146749.41000000038,27.558574647887397,2.916110798122072,15.0,inf,146812.0,7037.0,428
2024-04-16,12,5722,7061,166469.9000000006,29.092957008039253,3.20756553652569,16.0,inf,156655.0,7053.0,428
2024-04-16,13,5864,7206,174505.0900000005,29.758712482946876,3.3390109140518454,15.0,inf,177255.0,7548.0,428
2024-04-16,14,6466,8011,197949.9,30.613965357253324,3.459084441695015,16.0,inf,219425.0,7903.0,428
2024-04-16,15,6629,8238,200842.34000000078,30.29753205611718,3.4209820485744444,15.0,inf,280800.0,9476.0,428
2024-04-16,16,6724,8319,223274.5400000008,33.205612730517664,3.4346757882212917,15.0,inf,331488.0,10435.0,428
2024-04-16,17,7424,9066,225434.75000000058,30.36567214439663,2.9096982758620613,15.0,inf,423768.0,10877.0,428
2024-04-16,18,8012,9540,230143.6200000011,28.724865202196842,7.887656015976035,13.0,inf,314460.0,8678.0,428
2024-04-16,19,6716,8194,197047.4100000014,29.3399955330556,3.2092495533055416,12.0,inf,195889.0,5551.0,428
2024-04-16,20,6871,8419,189080.2600000003,27.518594091107598,3.280486101004213,12.0,inf,147701.0,3827.0,428
2024-04-16,21,7538,8726,202101.2100000007,26.81098567259229,3.274046166091809,12.0,inf,115747.0,2367.0,426
2024-04-16,22,6556,7227,177571.4100000006,27.0853279438683,9.269885600976197,12.0,inf,82948.0,1643.0,427
2024-04-16,23,3283,3774,97053.12000000017,29.5623271398112,4.084166920499542,12.0,inf,45707.0,1061.0,424
2024-04-17,0,1439,1762,42547.34000000004,29.567296733842973,4.1068033356497535,11.0,inf,22566.0,460.0,418
2024-04-17,1,602,764,16932.46999999998,28.127026578073057,3.7654651162790675,10.0,inf,8392.0,178.0,410
2024-04-17,2,333,411,8629.020000000004,25.912972972972984,3.2729729729729726,9.0,inf,5095.0,109.0,410
2024-04-17,3,244,281,7477.059999999995,30.643688524590143,4.253032786885247,10.0,inf,6427.0,239.0,409
2024-04-17,4,332,381,13378.789999999999,40.297560240963854,6.888373493975907,15.0,inf,18502.0,1145.0,422
2024-04-17,5,714,713,25571.14999999998,35.81393557422966,5.6045938375350115,12.0,inf,67307.0,5885.0,428
2024-04-17,6,1932,1975,57467.440000000046,29.745051759834393,4.548711180124223,10.0,inf,157803.0,13971.0,428
2024-04-17,7,4374,4385,110769.65000000004,25.324565614997724,56.204174668495625,11.0,inf,327101.0,23385.0,428
2024-04-17,8,5715,5825,147756.53000000044,25.85416097987759,2.921648293963263,14.0,inf,414250.0,25021.0,428
2024-04-17,9,5540,6276,146128.32000000036,26.376953068592123,2.852191335740071,14.0,inf,257921.0,13488.0,428
2024-04-17,10,5635,6781,156793.52000000054,27.824937000887406,2.9493149955634377,14.0,inf,167658.0,8509.0,428
2024-04-17,11,5789,7028,161482.25000000044,27.894670927621426,2.9402055622732792,15.0,inf,150830.0,7129.0,428
2024-04-17,12,6227,7614,179235.9900000003,28.783682351051922,3.089902039505383,16.0,inf,162903.0,6935.0,428
2024-04-17,13,6599,8193,196322.48000000077,29.75033792998951,3.321115320503109,15.0,inf,183924.0,7545.0,428
2024-04-17,14,7034,8731,210997.27000000048,29.996768552743884,25.989884845038365,15.0,inf,226877.0,7864.0,428
2024-04-17,15,7772,9573,227532.80000000042,29.275965002573393,3.0936747297992806,15.0,inf,286535.0,9435.0,428
2024-04-17,16,8933,10374,279604.7200000014,31.300203738945644,2.9697055860293236,15.0,inf,335260.0,10514.0,428
2024-04-17,17,9219,10460,278545.37000000075,30.21427161297329,6.056543009003148,15.0,inf,410824.0,10731.0,428
2024-04-17,18,10017,11539,291505.2300000021,29.101051212938213,2.842881102126379,13.0,inf,312534.0,8591.0,428
2024-04-17,19,8340,9825,240487.64000000042,28.835448441247053,3.056948441247,12.0,inf,185638.0,5299.0,428
2024-04-17,20,7640,8827,204564.27000000043,26.77542801047126,3.1120104712041923,12.0,inf,133015.0,3355.0,428
2024-04-17,21,8618,9766,228288.54000000184,26.4897354374567,3.1685507078208324,12.0,inf,106813.0,2265.0,427
2024-04-17,22,7485,8168,197956.49000000025,26.447092852371444,3.233319973279899,12.0,inf,83267.0,1691.0,425
2024-04-17,23,4202,4769,127193.51000000004,30.269754878629232,4.049612089481205,13.0,inf,47504.0,951.0,426
2024-04-18,0,1994,2403,60989.960000000174,30.586740220662072,4.284593781344033,12.0,inf,23447.0,466.0,422
2024-04-18,1,799,1001,21985.900000000005,27.516770963704637,3.625131414267839,10.0,inf,8533.0,197.0,411
2024-04-18,2,451,552,11272.9,24.995343680709535,3.254922394678493,9.0,inf,5390.0,120.0,410
2024-04-18,3,308,366,8268.019999999997,26.84422077922077,3.587500000000001,9.0,16.41952481039286,6484.0,230.0,414
2024-04-18,4,389,367,16308.069999999998,41.923059125964,6.848997429305912,15.0,inf,18362.0,1109.0,423
2024-04-18,5,910,798,34250.10999999997,37.637483516483485,6.0353516483516465,11.0,inf,65039.0,5626.0,428
2024-04-18,6,2435,2183,70015.20999999992,28.75367967145787,4.3527885010267005,10.0,inf,149973.0,12900.0,428
2024-04-18,7,5155,4715,137402.92000000065,26.6543006789526,13.639443258971875,12.0,inf,314665.0,22472.0,428
2024-04-18,8,6446,5880,172275.90000000017,26.726016134036637,2.8129460130313384,14.0,inf,398899.0,23525.0,428
2024-04-18,9,6383,6527,168631.66000000047,26.41887200376006,2.583601754660813,14.0,inf,257377.0,13484.0,428
2024-04-18,10,6199,7209,171628.1900000007,27.686431682529552,2.839153089207934,15.0,inf,166746.0,8373.0,428
2024-04-18,11,6204,7337,174087.27000000066,28.060488394584244,2.8195938104448715,16.0,inf,148495.0,6564.0,426
2024-04-18,12,6572,7899,192663.91,29.315871880706027,3.1170754716981195,16.0,inf,155183.0,6749.0,427
2024-04-18,13,6996,8571,212786.07000000094,30.415390222984698,3.3917610062892987,16.0,inf,176144.0,7180.0,427
2024-04-18,14,7615,9227,234245.9600000018,30.76112409717686,3.4559934340118104,16.0,inf,221860.0,7895.0,428
2024-04-18,15,7872,9515,237284.3600000009,30.142830284552957,3.293299034552855,15.0,inf,280876.0,9305.0,428
2024-04-18,16,7853,9452,257097.21000000107,32.738725327900305,3.43387240545014,14.0,inf,321464.0,10433.0,428
2024-04-18,17,9378,10898,278990.9400000011,29.749513755598326,8.010038387715932,14.0,inf,403423.0,10797.0,428
2024-04-18,18,10342,11744,295834.44000000146,28.605147940437195,2.9134258363952816,14.0,inf,307046.0,8386.0,428
2024-04-18,19,7985,9653,230167.16000000117,28.82494176581104,3.0717958672511,12.0,inf,192460.0,5448.0,428
2024-04-18,20,7670,9347,208758.19000000082,27.21749543676673,3.1558604954367757,12.0,inf,143691.0,3692.0,427
2024-04-18,21,8157,9826,220923.1600000005,27.08387397327455,3.2309255853867787,13.0,inf,114589.0,2330.0,428
2024-04-18,22,8336,9285,222974.55000000016,26.7483865163148,3.257972648752393,12.0,inf,88512.0,1711.0,425
2024-04-18,23,5817,6425,159823.41000000056,27.47522949974223,3.5910452123087433,12.0,inf,52343.0,1107.0,421
2024-04-19,0,2898,3506,81729.35999999999,28.20198757763975,3.746276742581092,11.0,inf,26882.0,524.0,420
2024-04-19,1,1466,1909,36617.629999999954,24.977919508867636,3.0380013642564823,9.0,inf,10554.0,208.0,410
2024-04-19,2,861,1133,20634.849999999995,23.966144018583037,2.932915214866434,9.0,inf,6507.0,117.0,410
2024-04-19,3,552,700,15712.440000000002,28.464565217391307,3.690670289855073,9.0,inf,6848.0,257.0,415
2024-04-19,4,521,561,18744.710000000006,35.978330134357016,5.557888675623799,13.0,inf,17926.0,1058.0,424
2024-04-19,5,802,725,29749.35,37.09395261845386,6.303753117206983,12.5,inf,63020.0,5315.0,428
2024-04-19,6,1956,1877,62577.13000000002,31.99239775051126,20.9977556237219,11.0,inf,140703.0,12142.0,428
2024-04-19,7,3685,3812,105452.94000000032,28.61680868385355,4.012521031207593,11.0,inf,270569.0,20309.0,428
2024-04-19,8,4723,5231,123536.97000000071,26.156461994495174,3.2478467076010964,12.0,inf,290532.0,18323.0,428
2024-04-19,9,4753,5630,129059.7800000001,27.153330528087544,3.1134609720176787,13.0,inf,200391.0,11047.0,428
2024-04-19,10,5035,6207,139886.7800000005,27.782875868917674,3.213884806355511,14.0,inf,152836.0,7651.0,428
2024-04-19,11,5504,6881,155017.5700000004,28.16452943313961,3.2672856104651187,14.0,inf,148179.0,6782.0,428
2024-04-19,12,5950,7346,169258.36000000103,28.446783193277486,3.2973478991596687,14.0,inf,164210.0,6687.0,428
2024-04-19,13,6318,7705,180175.02000000075,28.51773029439708,3.368477366255139,13.0,inf,187033.0,7440.0,428
2024-04-19,14,6805,8340,197216.7800000006,28.981157972079444,3.321044819985304,14.0,inf,237724.0,8286.0,428
2024-04-19,15,7298,8958,219023.19000000122,30.011399013428505,3.459329953411882,14.0,inf,287037.0,9971.0,428
2024-04-19,16,7199,9085,234351.29000000065,32.55331157105162,3.4677399638838757,14.0,inf,309355.0,10294.0,428
2024-04-19,17,8077,9796,234371.51000000114,29.017148693822104,8.797793735297747,14.0,inf,337473.0,10462.0,428
2024-04-19,18,8503,10371,231263.7800000006,27.197904269081572,2.719863577560864,12.0,inf,270891.0,8408.0,428
2024-04-19,19,7772,9798,214532.55000000045,27.60326170869795,2.8822349459598455,12.0,inf,188134.0,5574.0,428
2024-04-19,20,6191,8033,163250.45999999985,26.36899693102889,2.9669068001938244,12.0,inf,140837.0,3950.0,427
2024-04-19,21,6396,8818,170048.13000000047,26.586636960600448,2.959324577861175,13.0,inf,120487.0,2527.0,427
2024-04-19,22,7252,9880,192355.3700000007,26.524458080529605,2.9625317153888635,13.0,inf,108142.0,1982.0,427
2024-04-19,23,6841,8305,183203.43000000025,26.78021195731622,12.425497734249378,13.0,inf,69985.0,1318.0,425
2024-04-20,0,6343,6879,156718.3499999998,24.707291502443606,3.0142314362289158,12.0,inf,39989.0,755.0,420
2024-04-20,1,5173,5673,119878.26000000002,23.173837231780404,2.7935549971003266,12.0,inf,18439.0,346.0,413
2024-04-20,2,3705,4107,82822.56999999998,22.35426990553306,2.660267206477735,11.0,inf,11090.0,164.0,409
2024-04-20,3,2199,2566,51978.41999999997,23.637298772169153,2.9540700318326496,10.0,inf,8170.0,163.0,411
2024-04-20,4,1061,1202,29557.059999999976,27.85773798303485,3.9678228086710674,11.0,inf,11333.0,324.0,413
2024-04-20,5,494,571,19697.289999999986,39.873056680161916,6.218805668016195,13.0,inf,23065.0,1323.0,424
2024-04-20,6,955,1084,34304.159999999945,35.9205863874345,5.673005235602093,10.0,inf,44950.0,2688.0,426
2024-04-20,7,1496,1695,48689.67999999991,32.546577540106895,4.935835561497329,10.0,inf,68354.0,4220.0,422
2024-04-20,8,2643,3182,70054.59000000001,26.505709421112375,3.5602762012864186,10.0,inf,89403.0,4935.0,419
2024-04-20,9,3886,4830,98480.68000000044,25.342429233144735,3.232460113226971,11.0,inf,108821.0,5057.0,417
2024-04-20,10,4801,6153,123125.73000000042,25.645850864403336,3.168300354092894,11.0,inf,125696.0,5314.0,418
2024-04-20,11,5776,7281,145321.74000000086,25.159581024930898,2.960161011080338,12.0,inf,141442.0,5875.0,417
2024-04-20,12,6303,7870,163906.7400000009,26.0045597334604,3.0545184832619365,12.0,inf,158902.0,6692.0,419
2024-04-20,13,6716,8336,182726.3300000006,27.20761316259687,9.04982578916021,13.0,inf,174720.0,7225.0,421
2024-04-20,14,6654,8581,192343.02000000115,28.90637511271433,3.461289449954912,14.0,inf,182365.0,7286.0,421
2024-04-20,15,6996,9157,202337.08000000095,28.921823899371205,3.4001214979988514,14.0,inf,203619.0,7261.0,419
2024-04-20,16,7687,9754,215758.85000000085,28.06801743202821,31.95933524131656,15.0,inf,207064.0,7139.0,421
2024-04-20,17,8171,9819,222217.61000000135,27.19588912005891,2.963418186268501,15.0,inf,197763.0,6829.0,418
2024-04-20,18,8348,10348,223703.6000000009,26.797268806899964,2.904996406324863,14.0,inf,184323.0,6006.0,420
2024-04-20,19,8091,10050,215670.6500000011,26.655623532319996,2.857330367074526,15.0,inf,160186.0,5174.0,419
2024-04-20,20,7025,8768,193414.46000000057,27.53230747330969,3.01491245551602,14.0,inf,129037.0,3809.0,418
2024-04-20,21,8109,10078,219364.2100000002,27.051943519546207,2.963173017634723,14.0,inf,115379.0,2828.0,418
2024-04-20,22,8800,10073,232034.79000000164,26.36758977272746,2.88499318181818,14.0,inf,94268.0,2012.0,419
2024-04-20,23,9084,9005,247119.32000000004,27.203800088066934,3.1405658300308192,14.0,inf,67926.0,1365.0,419
2024-04-21,0,7630,7426,193719.02000000057,25.389124508519078,2.9944927916120623,13.0,inf,37347.0,715.0,414
2024-04-21,1,6383,6364,153036.17999999988,23.975588281372374,2.926489111702963,12.0,inf,21108.0,308.0,416
2024-04-21,2,4794,4773,112049.7900000001,23.372922403003773,2.864272006675011,11.0,inf,11286.0,164.0,405
2024-04-21,3,2814,3028,66579.42999999996,23.66006751954512,2.9567910447761148,10.0,inf,7582.0,127.0,407
2024-04-21,4,1511,1323,40261.920000000006,26.64587690271344,3.7820119126406353,11.0,inf,9753.0,252.0,408
2024-04-21,5,612,651,25576.85999999996,41.79225490196072,6.580620915032684,13.0,inf,17002.0,723.0,416
2024-04-21,6,901,907,33143.71999999992,36.78548279689225,5.946692563817986,11.0,inf,33736.0,1623.0,422
2024-04-21,7,1410,1557,46497.569999999956,32.97699999999997,5.100177304964542,10.0,inf,50550.0,2490.0,421
2024-04-21,8,2046,2496,58007.229999999865,28.351529814271682,4.083294232649074,9.0,inf,69541.0,3504.0,422
2024-04-21,9,3283,4104,85183.75000000009,25.946923545537643,3.454980201035635,9.0,inf,91417.0,3851.0,419
2024-04-21,10,4661,5932,115998.53000000057,24.887047843810464,17.875762711864425,10.0,inf,106286.0,4204.0,418
2024-04-21,11,5347,6811,138303.36000000057,25.865599401533675,3.230736861791647,11.0,inf,120479.0,4672.0,418
2024-04-21,12,6226,7784,173665.43000000084,27.893580147767562,8.737219723739203,12.0,inf,139130.0,5356.0,417
2024-04-21,13,6535,8095,186151.4200000004,28.485297628156143,3.5323733741392482,13.0,inf,147796.0,5869.0,419
2024-04-21,14,6973,8722,211376.4900000005,30.313565179979992,3.825352072278785,14.0,inf,151490.0,5809.0,419
2024-04-21,15,6051,7688,187355.0700000012,30.96266236985642,4.011041150223102,13.0,inf,151841.0,5425.0,421
2024-04-21,16,5876,7650,176957.87999999954,30.115364193328716,3.8048808713410556,13.0,inf,158296.0,5152.0,419
2024-04-21,17,6060,8021,176380.82000000062,29.105745874587562,3.646460396039608,13.0,inf,147590.0,4862.0,419
2024-04-21,18,5906,7806,174764.9700000011,29.59108872333239,3.740291229258383,13.0,inf,132676.0,4238.0,418
2024-04-21,19,4723,6198,142030.55000000063,30.072104594537503,16.10262333262757,12.0,inf,102333.0,3250.0,421
2024-04-21,20,4561,6005,139328.9200000005,30.547888620916577,4.073413725060304,12.0,inf,84226.0,2652.0,422
2024-04-21,21,4329,5824,136645.01000000007,31.56502887502889,4.370154770154778,12.0,inf,69176.0,1857.0,417
2024-04-21,22,3085,4005,109283.70000000033,35.424213938411775,5.199980551053493,12.0,inf,52443.0,1186.0,416
2024-04-21,23,2176,2733,87918.47,40.40370863970588,6.275363051470594,13.0,inf,32547.0,796.0,415
2024-04-22,0,1161,1432,42274.24000000004,36.41192075796731,5.683557278208444,11.0,inf,15942.0,448.0,416
2024-04-22,1,490,616,16462.57,33.59708163265306,4.988408163265307,10.0,inf,6839.0,162.0,407
2024-04-22,2,270,348,8839.869999999999,32.740259259259254,5.147370370370369,10.0,20.3953834704233,4522.0,102.0,393
2024-04-22,3,233,307,7626.909999999997,32.73351931330471,4.999957081545062,10.0,inf,5845.0,221.0,398
2024-04-22,4,337,326,13666.149999999998,40.55237388724035,6.990415430267063,14.0,inf,17044.0,1060.0,416
2024-04-22,5,730,734,29105.669999999955,39.87078082191775,98.59460273972604,12.0,inf,61026.0,5226.0,424
2024-04-22,6,1771,1803,55354.96999999998,31.256335403726695,5.0308018068887606,10.0,inf,129541.0,11186.0,425
2024-04-22,7,3246,3635,90507.41000000037,27.882751078250266,3.9478188539741157,11.0,inf,225667.0,16755.0,424
2024-04-22,8,4118,4791,106733.03000000026,25.918657115104484,3.1674332200097166,12.0,inf,290510.0,17620.0,424
2024-04-22,9,4264,5073,112991.73000000036,26.498998592870628,3.14135318949344,13.0,inf,196738.0,10194.0,424
2024-04-22,10,4237,5301,116454.23000000035,27.485067264574074,3.5411824404059487,13.0,inf,142538.0,7315.0,425
2024-04-22,11,4666,5815,125219.57000000075,26.836598799828707,3.2191427346763817,12.0,inf,134477.0,6531.0,423
2024-04-22,12,4922,6168,136843.29000000027,27.802375050792417,3.4171068671271865,12.0,inf,141959.0,6496.0,423
2024-04-22,13,5274,6663,156732.72000000044,29.717997724687226,3.8169984831247654,12.0,inf,155537.0,6869.0,424
2024-04-22,14,5518,7074,164047.69000000067,29.72955599855032,3.6866418992388508,13.0,inf,180640.0,7425.0,424
2024-04-22,15,5874,7415,178242.04000000132,30.344235614572916,3.8336278515492017,13.0,inf,232471.0,8210.0,425
2024-04-22,16,5830,7347,193682.62000000066,33.22171869639806,3.8205934819897047,13.0,inf,278355.0,9178.0,423
2024-04-22,17,6598,8259,201131.71000000095,30.483739011821907,3.376350409214918,12.0,inf,329789.0,9582.0,423
2024-04-22,18,6088,7728,181865.62000000072,29.872802233902878,3.4018166885676755,11.0,inf,244687.0,7178.0,424
2024-04-22,19,4868,6366,152066.82000000103,31.23804847986874,3.8204704190632692,11.0,inf,157046.0,4929.0,423
2024-04-22,20,4801,6245,138921.15000000026,28.93587794209545,3.748327431785049,11.0,inf,117093.0,3235.0,423
2024-04-22,21,5201,6550,147550.19999999995,28.369582772543733,3.748613728129202,12.0,inf,89443.0,2089.0,424
2024-04-22,22,5478,6200,147145.93000000017,26.861250456370968,3.48313070463673,11.0,inf,72499.0,1516.0,423
2024-04-22,23,2983,3393,94307.97000000016,31.615142474019496,4.536480053637273,12.0,inf,39469.0,976.0,420
2024-04-23,0,1269,1553,40146.42999999996,31.636272655634322,4.662994483845547,11.0,inf,20658.0,469.0,420
2024-04-23,1,519,639,16396.170000000002,31.59184971098266,4.886840077071295,10.0,inf,7377.0,160.0,412
2024-04-23,2,240,309,6497.100000000002,27.07125000000001,3.728958333333335,9.0,inf,4729.0,105.0,405
2024-04-23,3,137,155,4234.369999999999,30.907810218978096,4.573576642335764,10.0,inf,5923.0,215.0,413
2024-04-23,4,212,219,8100.549999999996,38.21014150943394,6.1929716981132055,12.0,21.765409215460295,17163.0,1098.0,420
2024-04-23,5,645,661,23533.88999999996,36.486651162790636,6.197658914728685,11.0,inf,61539.0,5355.0,424
2024-04-23,6,1632,1675,48527.639999999956,29.73507352941174,4.775079656862746,10.0,inf,131612.0,11744.0,424
2024-04-23,7,3102,3495,83323.56000000026,26.861237911025228,3.704084461637652,10.0,inf,236352.0,17905.0,425
2024-04-23,8,4309,4875,108633.09000000049,25.210742631701205,2.956904154096082,12.0,inf,334018.0,18964.0,423
2024-04-23,9,4936,5763,130133.6800000001,26.36419773095626,3.057497974068078,13.0,inf,229044.0,11316.0,425
2024-04-23,10,4702,5708,127625.10000000015,27.142726499362006,3.101969374734152,13.0,inf,153050.0,7639.0,423
2024-04-23,11,5141,6422,138999.87,27.037516047461583,3.169918303831941,14.0,inf,139393.0,6662.0,424
2024-04-23,12,5437,6778,152268.09000000084,28.00590215192217,3.3023450432223678,14.0,inf,148731.0,6818.0,424
2024-04-23,13,5678,7209,162663.08000000054,28.64795350475529,3.46155512504403,14.0,inf,161641.0,7234.0,423
2024-04-23,14,6003,7667,179913.17000000036,29.97054306180249,3.602348825587205,14.0,inf,189066.0,7645.0,423
2024-04-23,15,6156,7943,180605.0100000012,29.338045808967056,3.5430929174788792,14.0,inf,239561.0,8581.0,423
2024-04-23,16,6218,7991,196095.79000000068,31.536794789321434,3.455459954969445,13.0,inf,299131.0,9652.0,423
2024-04-23,17,7251,9108,210652.15000000107,29.051461867328793,3.0028920148944995,12.0,inf,382724.0,10048.0,423
2024-04-23,18,7310,9233,204859.9200000012,28.024612859097292,2.895830369357048,11.0,inf,281491.0,7840.0,423
2024-04-23,19,6009,7535,174349.68000000098,29.014757863205357,3.2884273589615596,11.0,inf,172919.0,4922.0,424
2024-04-23,20,5868,7460,160449.58000000042,27.34314587593736,3.3467944785276034,11.0,inf,127824.0,3306.0,424
2024-04-23,21,6685,8310,179361.95000000004,26.830508601346303,11.549714285714277,12.0,inf,111021.0,2124.0,423
2024-04-23,22,6049,7124,166811.70000000007,27.5767399570177,3.5268689039510654,12.0,inf,79163.0,1491.0,423
2024-04-23,23,3020,3777,91817.26000000004,30.403066225165574,4.236195364238425,11.0,inf,43035.0,946.0,424
2024-04-24,0,1383,1758,40890.51000000001,29.566529284164865,4.157570498915401,10.0,inf,21731.0,462.0,418
2024-04-24,1,549,689,14358.27,26.153497267759565,3.4503825136612014,9.0,inf,8117.0,152.0,406
2024-04-24,2,270,324,7200.239999999998,26.66755555555555,3.5475185185185194,9.0,inf,5028.0,108.0,401
2024-04-24,3,194,233,6387.28,32.92412371134021,4.706134020618556,11.0,19.76929353106162,6139.0,211.0,416
2024-04-24,4,272,268,10336.09,38.00033088235294,6.12933823529412,13.0,inf,17460.0,1098.0,418
2024-04-24,5,633,662,23847.189999999977,37.673285939968366,6.21881516587678,11.0,inf,61322.0,5409.0,423
2024-04-24,6,1770,1822,50592.81000000009,28.583508474576323,4.35665536723164,10.0,inf,131087.0,11627.0,425
2024-04-24,7,4091,4538,102881.59000000072,25.148274260572165,3.235971645074546,11.0,inf,241909.0,18127.0,424
2024-04-24,8,5054,5476,129805.03000000061,25.683622872972023,2.898686189157107,13.0,inf,342824.0,20191.0,423
2024-04-24,9,5186,5965,136954.66000000003,26.408534516004636,2.8666293868106423,14.0,inf,237016.0,11950.0,423
2024-04-24,10,4914,5939,137041.5400000002,27.88798127798132,3.1445889295889335,15.0,inf,155658.0,7816.0,424
2024-04-24,11,5400,6829,152195.79000000027,28.184405555555607,3.0932074074074136,16.0,inf,143448.0,6824.0,423
2024-04-24,12,5914,7401,173179.48000000065,29.282969225566564,3.399436929320259,15.0,inf,152983.0,7015.0,424
2024-04-24,13,5850,7346,173937.23999999985,29.732861538461513,3.4475777777777874,15.0,inf,165874.0,7232.0,423
2024-04-24,14,7187,9032,209210.40000000165,29.10955892583855,3.4057228328927236,14.0,inf,196073.0,7838.0,423
2024-04-24,15,6534,8343,190202.64000000153,29.109678604224293,3.4405295378022642,14.0,inf,235561.0,8500.0,423
2024-04-24,16,6438,8281,212624.93000000037,33.026550170860574,3.6119182976079656,14.0,inf,296621.0,9563.0,423
2024-04-24,17,7076,8854,216167.20000000115,30.549349915206495,3.100829564725834,14.0,inf,379868.0,10226.0,424
2024-04-24,18,7571,9501,227277.02000000162,30.019418835028613,3.1208215559371317,13.0,inf,290607.0,7997.0,423
2024-04-24,19,6707,8615,204344.5300000009,30.467352020277456,3.3385492768749048,13.0,inf,183073.0,4983.0,423
2024-04-24,20,6352,8023,175868.86000000028,27.68716309823682,3.2885673803526534,12.0,inf,137498.0,3413.0,423
2024-04-24,21,6946,8534,190772.84000000035,27.465136769363713,3.3691030809098783,12.0,inf,115975.0,2290.0,423
2024-04-24,22,6861,8278,185996.84999999983,27.109291648447723,3.3329470922606084,12.0,inf,90682.0,1647.0,424
2024-04-24,23,3783,4682,117536.91000000044,31.069762093576642,4.325096484271744,12.0,inf,48613.0,1027.0,420
2024-04-25,0,2029,2577,62933.499999999985,31.01700344997535,4.304317397732878,11.0,inf,24411.0,489.0,416
2024-04-25,1,838,1081,21520.58999999998,25.6808949880668,3.335894988066828,9.0,inf,8661.0,183.0,407
2024-04-25,2,479,627,11852.15,24.743528183716073,3.266805845511478,9.0,inf,5405.0,128.0,406
2024-04-25,3,298,369,8390.389999999998,28.15567114093959,3.856778523489931,9.0,inf,6503.0,203.0,407
2024-04-25,4,363,374,12783.580000000002,35.21647382920111,5.6465013774104715,12.0,inf,17748.0,1033.0,419
2024-04-25,5,748,757,24834.539999999997,33.20125668449197,5.126483957219254,9.0,inf,61998.0,5564.0,424
2024-04-25,6,1989,1952,60439.48000000004,30.386867772750147,28.490402212166924,10.0,inf,132696.0,11785.0,423
2024-04-25,7,3981,4340,102955.24000000003,25.86165285104246,15.579145943230342,11.0,inf,240583.0,18183.0,425
2024-04-25,8,5420,5876,138910.41000000067,25.629226937269497,2.929684501845017,13.0,inf,336847.0,20140.0,423
2024-04-25,9,5430,6281,145475.52000000063,26.791071823204536,2.9358747697974215,14.0,inf,237434.0,11962.0,424
2024-04-25,10,5570,6790,153318.1100000002,27.5256929982047,3.014811490125665,15.0,inf,163231.0,7922.0,423
2024-04-25,11,5894,7316,164953.31000000003,27.98664913471327,3.0834645402103726,15.0,inf,146771.0,6816.0,423
2024-04-25,12,6198,7760,180441.50000000125,29.112858986770128,3.268162310422717,15.0,inf,154997.0,6946.0,423
2024-04-25,13,6539,8216,204307.6100000005,31.244473161033874,3.6474705612479035,16.0,inf,171599.0,7522.0,425
2024-04-25,14,7018,8918,223136.30000000124,31.794856084354695,3.6669820461670137,16.0,inf,198109.0,7923.0,423
2024-04-25,15,7186,9263,231558.3900000014,32.22354439187328,3.6343696075702807,16.0,inf,252231.0,8842.0,423
2024-04-25,16,7246,9123,253822.67000000126,35.029349986199456,3.586541540160092,16.0,inf,310178.0,10054.0,423
2024-04-25,17,7996,9683,252778.1900000007,31.61308029014516,2.9499549774887455,16.0,inf,393234.0,10667.0,423
2024-04-25,18,8858,10782,267286.5000000011,30.174587943102406,2.9208941070218932,15.0,inf,302921.0,8467.0,423
2024-04-25,19,7736,9716,228228.82000000137,29.502174250258708,3.1016248707342355,13.0,inf,193481.0,5577.0,424
2024-04-25,20,7277,9054,221832.99000000118,30.484126700563582,3.2600302322385657,14.0,inf,147801.0,3783.0,423
2024-04-25,21,8074,9974,225465.17999999982,27.92484270497892,3.1675018578152097,13.0,inf,127559.0,2361.0,424
2024-04-25,22,8274,9451,227457.12000000002,27.49058738216099,3.303039642252841,13.0,inf,93081.0,1864.0,423
2024-04-25,23,5724,6489,160401.45999999897,28.022617051013096,3.6165269042627566,12.0,inf,54331.0,1090.0,421
2024-04-26,0,3046,3717,87720.58999999998,28.798617859487848,3.919231779382795,11.0,inf,27358.0,539.0,417
2024-04-26,1,1528,2058,42507.71999999999,27.819188481675383,3.717742146596855,10.0,inf,11001.0,203.0,409
2024-04-26,2,889,1117,22234.28999999999,25.01044994375702,2.7663667041619773,9.0,inf,6383.0,109.0,410
2024-04-26,3,531,637,13604.69999999999,25.62090395480224,3.163954802259889,9.0,inf,6753.0,220.0,413
2024-04-26,4,474,478,17133.97,36.14761603375528,5.506223628691982,12.0,inf,17348.0,1027.0,418
2024-04-26,5,682,686,25507.890000000014,37.40159824046923,5.96161290322581,12.0,inf,58743.0,5080.0,423
2024-04-26,6,1618,1617,51129.50999999997,31.600438813349797,58.491804697156994,11.0,inf,120690.0,10490.0,423
2024-04-26,7,3214,3621,90528.33000000007,28.166873055382723,3.941599253266953,11.0,inf,200954.0,15674.0,424
2024-04-26,8,4001,4719,109634.81000000027,27.40185203699082,3.402881779555114,12.0,inf,242755.0,15711.0,424
2024-04-26,9,4390,5259,128563.78000000023,29.28559908883832,3.3767608200455546,14.0,inf,188379.0,10259.0,423
2024-04-26,10,4840,6098,146965.94000000056,30.36486363636375,3.492421487603314,15.0,inf,153381.0,7646.0,423
2024-04-26,11,5032,6294,159129.19000000035,31.623447933227414,3.439346184419712,16.0,inf,148774.0,6867.0,423
2024-04-26,12,5476,6842,160878.05000000112,29.378752739225916,3.33617786705623,14.0,inf,164010.0,7089.0,424
2024-04-26,13,5771,7250,172518.3300000008,29.894009703691008,4.469887367873847,14.0,inf,180591.0,7724.0,423
2024-04-26,14,6417,8140,194408.4700000015,30.295850085710065,3.695049088359042,14.0,inf,209037.0,8187.0,423
2024-04-26,15,6871,8895,206437.85000000088,30.044804249745436,3.6097234754766387,14.0,inf,255635.0,9261.0,423
2024-04-26,16,6818,8874,214754.4600000011,31.49816075095352,3.3187899677324744,13.0,inf,292720.0,9911.0,424
2024-04-26,17,7413,9391,215806.70000000187,29.1119249966278,3.057198165385131,13.0,inf,322526.0,10129.0,423
2024-04-26,18,7980,10528,228615.22000000114,28.64852380952395,2.9698822055137746,12.0,inf,261195.0,8283.0,423
2024-04-26,19,7029,9428,198597.95000000033,28.254083084364822,2.908723858301332,12.0,inf,192075.0,5852.0,423
2024-04-26,20,6098,8295,166780.6600000009,27.350059035749574,3.151280747786156,12.0,inf,145362.0,3985.0,424
2024-04-26,21,6600,9270,179391.16000000064,27.180478787878886,49.823951515151556,13.0,inf,122648.0,2729.0,422
2024-04-26,22,6996,9504,184133.04000000033,26.319759862778778,2.9602958833619324,13.0,inf,104398.0,2056.0,422
2024-04-26,23,7481,9438,205607.10000000033,27.483905894933876,3.364575591498467,13.0,inf,52411.0,864.0,423
2024-04-27,0,6069,7120,156430.6499999992,25.775358378645446,3.137709672104127,12.0,inf,41139.0,765.0,415
2024-04-27,1,4516,5276,105048.29999999996,23.26135961027457,21.34268379096545,11.0,inf,19583.0,343.0,409
2024-04-27,2,3144,3933,70450.32000000002,22.407862595419854,2.5676145038167975,10.0,inf,11290.0,144.0,396
2024-04-27,3,1947,2509,46381.35,23.82195685670262,2.960482794042118,10.0,inf,8419.0,165.0,400
2024-04-27,4,1027,1118,27298.169999999962,26.580496592015542,3.6971762414800406,11.0,inf,11524.0,356.0,392
2024-04-27,5,477,516,18934.829999999987,39.695660377358465,5.964318658280922,11.0,inf,22999.0,1241.0,404
2024-04-27,6,881,1016,33674.59999999993,38.223155505107755,6.204415437003402,11.0,inf,45036.0,2688.0,408
2024-04-27,7,1383,1606,45828.959999999875,33.13735357917562,5.056001446131597,9.0,inf,67623.0,4121.0,404
2024-04-27,8,2169,2626,61496.45000000005,28.352443522360556,4.0506454587367395,10.0,inf,88084.0,4813.0,403
2024-04-27,9,3471,4540,90515.0000000001,26.0774992797465,3.4377873811581656,10.0,inf,112799.0,5040.0,402
2024-04-27,10,4368,5789,115578.55000000069,26.46029075091591,17.152273351648354,11.0,inf,129776.0,5226.0,401
2024-04-27,11,5220,6957,132661.19000000044,25.41402107279702,3.059591954022993,11.0,inf,143560.0,5642.0,399
2024-04-27,12,5854,7816,156109.41000000047,26.66713529210804,3.1028151691151358,12.0,inf,164047.0,6617.0,401
2024-04-27,13,6140,8240,170500.72000000067,27.76884690553757,3.2563957654723215,13.0,inf,177798.0,7096.0,400
2024-04-27,14,5939,8067,169319.5000000008,28.50976595386442,3.36192119885503,13.0,inf,185260.0,6986.0,400
2024-04-27,15,6282,8743,182881.3400000005,29.11196115886668,9.489581343521168,14.0,inf,197477.0,6900.0,397
2024-04-27,16,7844,11086,217711.69000000064,27.755187404385598,3.114017083120858,14.0,inf,212762.0,6899.0,398
2024-04-27,17,8401,11241,219486.32000000068,26.126213546006507,2.7425580288060907,14.0,inf,200841.0,6480.0,395
2024-04-27,18,7538,10239,196560.48000000088,26.075945874237316,2.8749310161846746,13.0,inf,174751.0,5547.0,398
2024-04-27,19,7047,9634,182451.11000000002,25.890607350645666,2.967894139350068,13.0,inf,150392.0,4368.0,399
2024-04-27,20,6101,8440,164966.28000000058,27.03921980003288,3.1247516800524644,13.0,inf,114952.0,3174.0,397
2024-04-27,21,6557,9094,176593.19000000018,26.932010065578798,3.090693914900116,13.0,inf,99556.0,2328.0,396
2024-04-27,22,6993,9674,187114.79999999996,26.757443157443152,3.032007722007731,13.0,inf,89826.0,1743.0,396
2024-04-27,23,6641,8001,183884.4100000003,27.68926517090804,8.13557446167746,13.0,inf,63691.0,1174.0,389
2024-04-28,0,5992,6667,146249.41000000038,24.40744492656882,2.910235313751668,12.0,inf,35104.0,614.0,392
2024-04-28,1,4486,5046,102527.06999999993,22.854897458760576,2.659117253678107,11.0,inf,18409.0,293.0,384
2024-04-28,2,2966,3587,73966.93000000005,24.938277140930563,2.748533378287256,10.0,inf,10589.0,162.0,379
2024-04-28,3,1916,2389,48104.15,25.106550104384134,3.029556367432148,10.0,inf,8435.0,135.0,382
2024-04-28,4,1152,1258,33437.82999999999,29.02589409722221,4.057907986111109,11.0,inf,10060.0,269.0,385
2024-04-28,5,604,651,23828.07999999999,39.450463576158924,6.2079470198675475,12.0,inf,19460.0,858.0,395
2024-04-28,6,1086,1151,41171.669999999955,37.91129834254139,6.28582872928177,12.0,inf,41439.0,1795.0,398
2024-04-28,7,1724,1829,56503.27999999995,32.77452436194893,5.011577726218109,10.0,inf,58192.0,2694.0,402
2024-04-28,8,2069,2538,65490.090000000004,31.653015949734172,4.7031851135814415,10.0,inf,77865.0,3424.0,397
2024-04-28,9,3241,4059,90593.09000000023,27.95220302375817,3.912280160444307,10.0,inf,101388.0,3884.0,397
2024-04-28,10,4321,5332,112856.32000000034,26.118102291136392,3.479842629021055,10.0,inf,117285.0,4329.0,398
2024-04-28,11,5205,6572,139603.70000000074,26.821075888568824,3.4812411143131627,11.0,inf,135822.0,4766.0,400
2024-04-28,12,5961,7480,165080.47000000117,27.693418889448274,26.355282670692844,12.0,inf,151942.0,5216.0,399
2024-04-28,13,6409,7976,186125.18000000075,29.04122015915131,3.773468559837736,12.0,inf,158737.0,5706.0,399
2024-04-28,14,6407,8370,200277.38000000097,31.259150928671914,4.050447947557361,13.0,inf,159930.0,5720.0,399
2024-04-28,15,5997,7925,186025.15000000055,31.01970151742547,4.027387026846771,13.0,inf,158646.0,5388.0,405
2024-04-28,16,6245,8396,193874.5400000009,31.04476220976796,4.024469175340266,14.0,inf,163103.0,4945.0,402
2024-04-28,17,6029,8162,184332.29000000146,30.574272682037066,3.9005871620500887,14.0,inf,156994.0,4651.0,399
2024-04-28,18,5827,7757,170234.86000000077,29.21483782392325,11.740027458383388,13.0,inf,142577.0,4221.0,400
2024-04-28,19,5074,6976,153049.55000000054,30.16349034292482,14.767739456050446,12.0,inf,117349.0,3255.0,399
2024-04-28,20,4962,6648,153335.8600000006,30.902027408303223,4.083984280532039,12.0,inf,100856.0,2704.0,398
2024-04-28,21,4278,5568,129262.54000000058,30.215647498831363,4.031084618980827,12.0,inf,76724.0,1929.0,400
2024-04-28,22,3269,4292,111243.36000000029,34.02978280819831,4.971593759559494,12.0,inf,57342.0,1229.0,408
2024-04-28,23,2397,3093,95119.06000000023,39.68254484772642,6.03406341259908,13.0,inf,34970.0,762.0,408
2024-04-29,0,1281,1614,46548.749999999985,36.33782201405151,5.620413739266195,12.0,inf,17705.0,418.0,404
2024-04-29,1,491,622,16545.969999999998,33.6985132382892,5.322342158859469,11.0,inf,7244.0,133.0,391
2024-04-29,2,269,365,8240.929999999998,30.635427509293674,318.249405204461,10.0,inf,5136.0,106.0,389
2024-04-29,3,215,267,6876.679999999999,31.98455813953488,4.784093023255817,11.0,18.623818025181127,5996.0,191.0,394
2024-04-29,4,259,279,10090.099999999999,38.95791505791505,533.5177220077219,12.0,inf,17227.0,1011.0,419
2024-04-29,5,656,711,24428.97999999997,37.23929878048776,6.005609756097559,11.0,inf,60308.0,5100.0,428
2024-04-29,6,1784,1919,58827.92000000001,32.97529147982063,5.42871636771301,10.0,inf,129519.0,11124.0,428
2024-04-29,7,3457,3935,95934.25000000017,27.750723170378993,3.889994214636969,11.0,inf,230919.0,17047.0,428
2024-04-29,8,4417,5003,119647.41000000038,27.087935250169885,3.3436834955852364,13.0,inf,297476.0,17803.0,428
2024-04-29,9,4550,5489,124325.35000000059,27.324252747252878,3.4085868131868153,13.0,inf,203165.0,10637.0,428
2024-04-29,10,4722,5955,135579.33000000071,28.712268106734587,3.5146399830580273,14.0,inf,148266.0,7513.0,428
2024-04-29,11,4892,6223,140638.1600000009,28.74860179885546,3.5690780866721217,13.0,inf,138428.0,6705.0,428
2024-04-29,12,5485,6889,161097.88000000044,29.370625341841468,3.5807529626253314,13.0,inf,148433.0,6824.0,428
2024-04-29,13,5620,7147,172930.30000000077,30.770516014235014,3.9293790035587253,14.0,inf,164102.0,7354.0,428
2024-04-29,14,6147,7959,189191.62000000125,30.77787863998719,3.9611436473076314,14.0,inf,188696.0,7823.0,428
2024-04-29,15,6691,8737,201206.68000000075,30.071241966821216,3.7437064713794688,13.0,inf,236188.0,8704.0,428
2024-04-29,16,6380,8290,207658.900000001,32.548416927899844,3.7526144200626983,13.0,inf,287126.0,9834.0,428
2024-04-29,17,6970,8593,201125.59000000075,28.85589526542335,3.0999598278335787,12.0,inf,345459.0,10116.0,428
2024-04-29,18,6959,8822,203903.4900000017,29.30068831728721,3.318118982612441,11.0,inf,254167.0,7426.0,428
2024-04-29,19,5659,7303,171223.3300000007,30.256817458915123,3.633638452023321,11.0,inf,161192.0,4790.0,428
2024-04-29,20,5678,7299,166084.98000000083,29.250612891863476,3.771188798872849,11.0,inf,122728.0,3303.0,427
2024-04-29,21,5727,6978,162503.25000000052,28.374934520691554,3.721732145975204,12.0,inf,99941.0,2204.0,428
2024-04-29,22,4489,5327,135591.63000000047,30.205308531967134,4.199460904433064,12.0,inf,68797.0,1501.0,428
2024-04-29,23,2779,3494,94874.68000000021,34.139863260165605,4.988046059733721,12.0,inf,41388.0,875.0,426
2024-04-30,0,1196,1499,38876.640000000065,32.505551839464935,4.872207357859524,12.0,inf,20957.0,461.0,413
2024-04-30,1,527,681,16901.800000000003,32.07172675521822,4.9697343453510445,11.0,inf,7880.0,166.0,399
2024-04-30,2,298,389,8224.560000000003,27.599194630872493,3.8302684563758382,10.5,inf,5018.0,113.0,395
2024-04-30,3,141,165,3962.14,28.10028368794326,3.966099290780142,10.0,17.082808569305325,6180.0,216.0,410
2024-04-30,4,208,210,7798.609999999995,37.49331730769229,5.9664423076923105,11.0,inf,17519.0,1138.0,421
2024-04-30,5,626,661,22478.59000000001,35.9082907348243,5.753003194888179,10.0,inf,63945.0,5570.0,428
2024-04-30,6,1730,1830,48511.199999999924,28.041156069364117,52.16156647398848,10.0,211.13692218232603,136001.0,11877.0,428
2024-04-30,7,4170,4711,107964.74000000053,25.890824940048088,4.705270983213413,11.0,inf,252354.0,18858.0,428
2024-04-30,8,5287,5859,136508.78000000003,25.819704936637038,2.9902421032721818,13.0,inf,354065.0,20501.0,428
2024-04-30,9,5459,6202,145991.22000000064,26.74321670635659,2.9932789888257934,14.0,inf,240223.0,11840.0,428
2024-04-30,10,5317,6497,149320.6300000006,28.083624224186682,3.182589806281726,14.0,inf,158652.0,7612.0,428
2024-04-30,11,5373,6542,150204.42000000062,27.955410385259746,3.221446119486324,14.0,inf,141138.0,6713.0,428
2024-04-30,12,5872,7208,163850.7100000005,27.903731267030057,3.246270435967306,14.0,inf,147612.0,6609.0,427
2024-04-30,13,6002,7567,172212.53000000113,28.692524158613985,3.466946017994008,13.0,inf,163236.0,7101.0,428
2024-04-30,14,6328,7891,184450.9200000008,29.148375474083565,5.187534766118837,14.0,inf,189831.0,7445.0,428
2024-04-30,15,6709,8433,194202.4200000009,28.94655239230897,3.2786719332240244,14.0,inf,240060.0,8404.0,428
2024-04-30,16,6511,8268,201570.5300000009,30.958459530026246,17.012489632928887,14.0,inf,298976.0,9618.0,428
2024-04-30,17,7663,9400,227074.48000000094,29.632582539475525,3.0317904215059377,13.0,inf,393621.0,9955.0,428
2024-04-30,18,8429,10459,240712.17000000132,28.5576189346306,7.893407284375383,13.0,inf,298250.0,8068.0,428
2024-04-30,19,6879,8693,194171.51000000123,28.22670591655782,14.311527838348493,11.0,inf,180504.0,5146.0,428
2024-04-30,20,6722,8349,175751.90000000034,26.145775066944413,3.0425513240107067,11.0,inf,133015.0,3523.0,428
2024-04-30,21,7215,8656,189597.60000000073,26.27825363825374,3.1636853776853675,12.0,inf,111354.0,2195.0,426
2024-04-30,22,7819,8554,211631.66000000067,27.06633329070222,3.2364394423839222,12.0,inf,92366.0,1612.0,426
2024-04-30,23,3789,4163,113595.15000000023,29.980245447347645,4.003016627078389,12.0,inf,42868.0,962.0,425
2024-05-01,0,1606,1861,51959.100000000035,32.35311332503115,4.676762141967624,12.0,inf,22256.0,433.0,418
2024-05-01,1,836,1002,28209.309999999958,33.74319377990425,5.091722488038273,11.0,inf,8360.0,158.0,414
2024-05-01,2,343,419,9813.87,28.61186588921283,3.8782798833819228,10.0,17.420342570620495,5132.0,107.0,407
2024-05-01,3,225,273,7649.610000000001,33.998266666666666,4.936977777777778,10.0,inf,6378.0,209.0,415
2024-05-01,4,264,273,10601.3,40.156439393939394,6.747196969696969,14.0,inf,18572.0,1186.0,424
2024-05-01,5,728,790,25744.10999999999,35.36278846153845,5.665686813186813,11.0,inf,67946.0,5827.0,428
2024-05-01,6,1991,2061,56784.989999999976,28.52083877448517,4.30020592667001,10.0,inf,158950.0,14124.0,428
2024-05-01,7,4301,4561,115520.09000000046,26.858890955591832,3.5016856544989587,11.0,inf,324668.0,23850.0,428
2024-05-01,8,5682,5950,150846.99000000002,26.5482206969377,3.003463569165787,13.0,inf,401439.0,24061.0,428
2024-05-01,9,5564,6258,154410.48000000045,27.751703810208564,3.043560388209921,15.0,inf,256418.0,13591.0,428
2024-05-01,10,5530,6742,162851.95000000022,29.44881555153711,3.266464737793848,15.0,inf,165015.0,8433.0,428
2024-05-01,11,5803,7145,172060.91000000035,29.65033775633299,3.231611235567814,16.0,inf,148836.0,6925.0,428
2024-05-01,12,6286,7650,187477.70000000065,29.82464206172457,3.19242443525294,16.0,inf,158274.0,6773.0,428
2024-05-01,13,6307,7741,191255.6600000008,30.324347550341017,3.391344537815129,16.0,inf,179228.0,7467.0,428
2024-05-01,14,6760,8274,204522.21000000092,30.254764792899543,3.281257396449692,16.0,inf,221133.0,7833.0,428
2024-05-01,15,7026,8751,205497.85000000036,29.248199544548868,3.1282123541132902,15.0,inf,279730.0,9569.0,428
2024-05-01,16,7098,8699,222578.740000001,31.357951535643984,3.0963567202028766,15.0,inf,330843.0,10458.0,428
2024-05-01,17,8483,10275,251252.83000000103,29.61839325710256,2.8194141223623888,14.0,inf,416798.0,11050.0,428
2024-05-01,18,9017,10848,256322.15000000084,28.42654430520138,2.7911533769546395,13.0,inf,316799.0,9023.0,428
2024-05-01,19,7740,9756,224221.62000000037,28.969201550387645,3.0794276485788017,12.0,inf,198172.0,5797.0,428
2024-05-01,20,7666,9399,208210.72000000047,27.16028176363168,3.068418992955918,12.0,inf,148267.0,3756.0,427
2024-05-01,21,8701,10054,233355.32000000167,26.819367888748612,3.196708424319042,12.0,inf,119385.0,2473.0,428
2024-05-01,22,7728,8700,210488.4200000005,27.23711438923402,3.336353519668735,12.0,inf,89839.0,1713.0,428
2024-05-01,23,4404,5053,135223.3900000001,30.704675295186217,4.147713442325144,12.0,inf,47947.0,1073.0,426
2024-05-02,0,1964,2448,61208.720000000125,31.1653360488799,4.354719959266805,11.0,inf,24102.0,450.0,414
2024-05-02,1,1017,1305,31319.91,30.79637168141593,4.387463126843659,11.0,inf,11209.0,178.0,408
2024-05-02,2,522,696,14085.469999999996,26.98365900383141,3.5909770114942523,10.0,inf,5607.0,105.0,408
2024-05-02,3,333,399,10255.679999999988,30.7978378378378,4.312342342342341,10.0,17.279060766773952,6578.0,219.0,410
2024-05-02,4,366,393,14178.020000000002,38.73775956284154,6.014808743169399,13.0,20.43680343905412,18540.0,1164.0,421
2024-05-02,5,735,734,26540.149999999943,36.109047619047544,5.719918367346938,10.0,inf,67496.0,5865.0,428
2024-05-02,6,2084,2007,61136.21999999996,29.335998080614182,4.491381957773511,10.0,inf,154535.0,13800.0,428
2024-05-02,7,4583,4516,117692.90000000011,25.680318568623196,3.2549749072659773,11.0,inf,315347.0,22851.0,428
2024-05-02,8,6292,6292,168464.5700000005,26.774407183725444,3.08226954863319,13.0,inf,391762.0,23972.0,428
2024-05-02,9,6009,6551,162476.79000000094,27.038906640040096,3.0105641537693484,14.0,inf,255778.0,13878.0,428
2024-05-02,10,5838,6883,166078.39000000074,28.44782288454963,3.1684395340870197,15.0,inf,168950.0,8627.0,428
2024-05-02,11,5855,7078,173045.32000000062,29.555135781383537,3.3242971818958202,16.0,inf,152198.0,6917.0,428
2024-05-02,12,6291,7747,188094.10000000056,29.89891909076467,3.3623477984422143,16.0,inf,162201.0,7015.0,428
2024-05-02,13,6556,8068,199228.52000000078,30.388730933496152,3.4880186089078715,16.0,inf,179823.0,7476.0,428
2024-05-02,14,7394,8995,233482.62000000066,31.57730862861789,9.15329185826348,16.0,inf,224392.0,8014.0,428
2024-05-02,15,7615,9307,238260.38000000105,31.28829678266593,3.4870741956664357,16.0,inf,285014.0,9443.0,428
2024-05-02,16,7777,9506,260302.12000000174,33.47076250482213,3.447933650507909,15.0,inf,335900.0,10573.0,428
2024-05-02,17,9159,10647,288547.92000000156,31.504303963314943,3.056953815918753,15.0,inf,409272.0,10857.0,428
2024-05-02,18,10380,12081,303141.70000000147,29.204402697495325,2.8017784200385347,14.0,inf,312678.0,8738.0,428
2024-05-02,19,8374,10351,248998.1800000013,29.73467637926932,3.1565297348937222,13.0,inf,203010.0,5823.0,428
2024-05-02,20,7987,9928,214602.64000000092,26.86899211218241,3.075392512833358,13.0,inf,158709.0,4151.0,427
2024-05-02,21,9074,10668,249588.91000000067,27.505941150540078,3.273654397178735,13.0,inf,126617.0,2578.0,428
2024-05-02,22,8601,9754,241566.75000000064,28.08589117544479,3.426300430182533,13.0,inf,93900.0,1853.0,427
2024-05-02,23,6252,7031,176761.19999999984,28.272744721689033,3.636044465770941,12.0,inf,55662.0,1098.0,426
2024-05-03,0,4373,4768,124788.76000000045,28.536190258403945,3.9153693116853345,11.0,inf,30339.0,607.0,418
2024-05-03,1,1958,2537,54172.47000000005,27.667247191011263,3.5205566905005115,10.0,inf,11518.0,237.0,412
2024-05-03,2,1098,1436,26863.84,24.46615664845173,3.0538160291438947,9.0,inf,6818.0,130.0,403
2024-05-03,3,652,826,17826.939999999995,27.341932515337415,3.5228834355828216,10.0,inf,7233.0,273.0,409
2024-05-03,4,543,536,19496.52000000001,35.90519337016577,5.502854511970537,12.0,inf,18353.0,1059.0,424
2024-05-03,5,846,733,31072.940000000046,36.72924349881802,5.629349881796685,11.0,inf,65313.0,5617.0,428
2024-05-03,6,1915,1849,61397.23000000003,32.061216710182784,4.938099216710183,11.0,inf,144834.0,12729.0,428
2024-05-03,7,3994,3980,109337.33000000019,27.375395593390135,3.662000500751128,12.0,inf,273904.0,20393.0,428
2024-05-03,8,5019,5349,135100.07000000062,26.917726638772788,3.22392309224945,12.0,inf,291940.0,19346.0,428
2024-05-03,9,5055,5905,138805.27000000025,27.459004945598465,3.322726013847679,13.0,inf,200040.0,11152.0,428
2024-05-03,10,5519,6768,158859.83000000013,28.784169233556828,3.412549374886745,14.0,inf,156437.0,7870.0,428
2024-05-03,11,5937,7345,170349.24000000075,28.692814552804574,3.3361293582617457,14.0,inf,151293.0,6529.0,428
2024-05-03,12,6276,7670,182896.10999999984,29.14214627151049,3.450203951561502,14.0,inf,163722.0,6773.0,428
2024-05-03,13,6369,7789,187915.67000000097,29.504737007379646,3.5427885068299547,14.0,inf,187170.0,7341.0,428
2024-05-03,14,7181,8943,223295.29000000097,31.095291742097334,3.6849477788608813,15.0,inf,234178.0,8176.0,428
2024-05-03,15,7653,9557,230558.45000000086,30.12654514569461,3.475864366914927,14.0,inf,288788.0,9603.0,428
2024-05-03,16,7230,9101,228844.0200000018,31.652008298755433,3.3564536652835533,14.0,inf,315921.0,10194.0,428
2024-05-03,17,8261,10214,243364.4000000007,29.459435903643712,3.0327042730904377,13.0,inf,343895.0,10594.0,428
2024-05-03,18,8981,11061,251038.34000000195,27.952159002338487,7.050300634673203,13.0,inf,278809.0,8794.0,428
2024-05-03,19,8168,10296,232801.13000000155,28.50160749265445,3.077676297747306,12.0,inf,197201.0,5764.0,428
2024-05-03,20,6644,8825,182116.80000000028,27.41071643588204,3.159339253461767,13.0,inf,149966.0,4007.0,428
2024-05-03,21,6966,9648,191932.48000000094,27.552753373528702,3.1836635084697087,13.0,inf,128014.0,2648.0,425
2024-05-03,22,8011,10738,215302.28000000067,26.875830732742564,3.0632804893271826,13.0,inf,116508.0,2201.0,425
2024-05-03,23,7311,8525,200380.3800000002,27.408067295855588,3.3664847490083436,13.0,inf,72717.0,1476.0,422
2024-05-04,0,6478,7305,162655.90999999974,25.10897036122256,3.006444890398265,12.0,inf,41965.0,761.0,407
2024-05-04,1,4633,5584,110851.37999999967,23.926479602849053,2.8291107273904577,11.0,inf,19407.0,287.0,394
2024-05-04,2,2905,3742,67138.24000000009,23.111270223752182,2.6918003442340814,11.0,inf,10947.0,162.0,397
2024-05-04,3,1894,2396,45201.799999999974,23.86578669482575,2.904102428722275,10.0,inf,8120.0,148.0,393
2024-05-04,4,946,1112,25579.15000000001,27.03927061310783,3.6429386892177593,10.0,inf,11454.0,365.0,400
2024-05-04,5,441,510,17071.620000000017,38.71115646258507,5.8644671201814145,11.0,inf,23645.0,1320.0,401
2024-05-04,6,955,1032,32983.97999999997,34.53819895287955,5.3085759162303665,10.0,inf,49794.0,2888.0,405
2024-05-04,7,1652,1786,51158.28999999999,30.967487893462465,4.656616222760286,10.0,inf,74171.0,4471.0,405
2024-05-04,8,2643,3129,70787.10000000003,26.782860385925098,3.6954407869844905,9.0,inf,98088.0,5215.0,401
2024-05-04,9,3983,4949,101021.26000000031,25.363108209892122,3.3095832287220635,10.0,inf,117219.0,5377.0,404
2024-05-04,10,5083,6599,125773.38000000046,24.743926814873195,3.0437792642140447,11.0,inf,133739.0,5247.0,403
2024-05-04,11,6115,7818,151425.00000000058,24.762878168438363,2.970585445625513,11.0,inf,150883.0,5723.0,403
2024-05-04,12,7300,8961,187094.46000000092,25.629378082191906,2.9613232876712337,13.0,inf,169867.0,6743.0,403
2024-05-04,13,7916,9905,210430.23000000068,26.58289919151095,3.1552286508337493,13.0,inf,177906.0,6706.0,405
2024-05-04,14,7561,9883,204673.02000000107,27.069570162677035,3.2308967067848213,13.0,inf,186403.0,6791.0,405
2024-05-04,15,7687,10327,212363.40000000095,27.62630414986353,3.2072590087160187,13.0,inf,204703.0,6987.0,404
2024-05-04,16,7938,10375,212668.61000000063,26.79120811287486,3.0019614512471655,14.0,inf,204216.0,6581.0,404
2024-05-04,17,8245,10739,220742.67000000112,26.772913280776365,29.84908914493636,14.0,inf,194882.0,6248.0,402
2024-05-04,18,8724,11164,227214.53000000102,26.0447650160478,2.8501215038973,14.0,inf,177619.0,5745.0,402
2024-05-04,19,8427,10895,219585.54000000094,26.05737985048071,13.674415569004376,14.0,inf,151401.0,4514.0,402
2024-05-04,20,6589,8831,178103.91000000053,27.03049172863872,3.096026711185312,13.0,inf,118077.0,3356.0,401
2024-05-04,21,6864,9503,185461.57000000027,27.01945949883454,3.1382663170163174,13.0,inf,100408.0,2418.0,398
2024-05-04,22,8239,10643,221697.28000000067,26.908275276125824,12.364138851802396,14.0,inf,98935.0,1666.0,398
2024-05-04,23,8185,9568,217551.97999999972,26.579350030543644,3.0687538179596796,13.0,inf,68347.0,1236.0,397
2024-05-05,0,7154,7649,182429.69000000006,25.500376013419075,3.622242102320377,13.0,inf,37066.0,625.0,399
2024-05-05,1,5660,6169,130567.3900000003,23.06844346289758,2.6618409893993014,11.0,inf,18750.0,313.0,392
2024-05-05,2,3749,4248,87951.1200000001,23.459887970125394,2.873686316351021,11.0,inf,11048.0,127.0,389
2024-05-05,3,2336,2780,55773.44999999998,23.875620719178073,2.9998630136986293,10.0,inf,7818.0,117.0,391
2024-05-05,4,1405,1477,37133.10999999995,26.429259786476834,3.6519572953736623,11.0,inf,9604.0,268.0,392
2024-05-05,5,711,687,26503.940000000002,37.276990154711676,5.902869198312237,12.0,inf,17244.0,756.0,399
2024-05-05,6,1012,1067,39033.329999999965,38.57048418972329,114.94997035573121,13.0,inf,33216.0,1604.0,398
2024-05-05,7,1599,1727,54594.83,34.14310819262039,5.272120075046902,11.0,inf,49887.0,2484.0,406
2024-05-05,8,2282,2480,68174.19999999984,29.87475898334787,4.312524101665209,10.0,inf,67453.0,3058.0,400
2024-05-05,9,3761,4205,102563.3500000002,27.270233980324434,3.6137622972613612,10.0,inf,89086.0,3566.0,400
2024-05-05,10,5337,6062,149260.05000000034,27.96703204047224,3.5144762975454347,11.0,inf,106040.0,3699.0,402
2024-05-05,11,6464,7320,181003.4000000009,28.001763613861524,3.3500758044554506,11.0,inf,123101.0,4242.0,401
2024-05-05,12,7199,8260,200220.83000000112,27.81231143214351,3.3458021947492753,11.0,inf,135813.0,4502.0,400
2024-05-05,13,7776,8913,222557.9000000009,28.621129115226452,3.514338991769557,12.0,inf,147184.0,4990.0,403
2024-05-05,14,9197,10373,271256.31000000075,29.493999130151217,3.452445362618248,13.0,inf,160886.0,5391.0,405
2024-05-05,15,8773,9655,266328.93000000116,30.357794369087102,3.4450165279835883,13.0,inf,156625.0,4847.0,403
2024-05-05,16,7470,8580,228799.86000000057,30.629164658634615,3.6505194109772394,13.0,inf,143655.0,4254.0,405
2024-05-05,17,7371,8781,216527.80000000162,29.37563424230113,3.558321801655139,13.0,inf,141293.0,3895.0,404
2024-05-05,18,7044,8448,201459.62000000113,28.600173197047294,3.530552243043727,13.0,inf,125364.0,3527.0,405
2024-05-05,19,6509,8026,188316.82000000094,28.93175910278091,3.6934260255031477,13.0,inf,102127.0,2673.0,399
2024-05-05,20,4834,6095,151519.19000000015,31.34447455523379,4.1365680595779875,13.0,inf,78326.0,2095.0,402
2024-05-05,21,4232,5243,130345.40000000042,30.799952741020892,4.148764177693768,12.0,inf,68442.0,1565.0,401
2024-05-05,22,3476,4208,118666.62000000017,34.13884349827393,5.022114499424625,12.0,inf,51881.0,1101.0,407
2024-05-05,23,2492,2886,95884.36000000013,38.47686998394869,6.075882825040125,13.0,inf,33298.0,793.0,405
2024-05-06,0,1736,1976,77303.62999999999,44.52974078341013,7.316451612903228,15.0,inf,16502.0,385.0,395
2024-05-06,1,757,828,33730.65,44.55832232496698,7.303210039630115,14.0,inf,7107.0,125.0,394
2024-05-06,2,310,335,9204.579999999993,29.692193548387074,4.123032258064518,10.0,inf,4850.0,102.0,389
2024-05-06,3,273,299,9648.51,35.34252747252747,5.390989010989012,11.0,inf,5938.0,197.0,394
2024-05-06,4,355,287,13442.769999999995,37.86695774647886,6.240309859154931,14.0,20.646721057995148,17916.0,1113.0,420
2024-05-06,5,847,780,29636.65999999997,34.99015348288072,5.869161747343564,12.0,inf,65733.0,5597.0,428
2024-05-06,6,1949,1778,59107.950000000084,30.327321703437704,4.745351462288352,11.0,inf,149787.0,12889.0,428
2024-05-06,7,4104,4018,112889.41000000022,27.507166179337286,3.714261695906442,12.0,inf,300335.0,21577.0,428
2024-05-06,8,5355,5471,149384.60000000053,27.89628384687218,3.423221288515399,14.0,inf,352663.0,21943.0,428
2024-05-06,9,5056,5610,138762.01000000036,27.445017800632982,3.211406249999996,13.0,inf,222337.0,12588.0,428
2024-05-06,10,5058,6061,148886.04000000036,29.435753262159025,3.4582779754843838,15.0,inf,154737.0,7825.0,428
2024-05-06,11,5109,6176,150136.32999999987,29.386637306713617,3.320485417890004,16.0,inf,141767.0,6671.0,428
2024-05-06,12,5540,6735,166696.8500000008,30.08968411552361,3.501799638989172,15.0,inf,150505.0,6666.0,428
2024-05-06,13,5738,7064,177874.81000000075,30.999444057162904,3.673525618682461,15.0,inf,169425.0,7192.0,428
2024-05-06,14,6238,7598,200810.20000000074,32.19143956396293,3.8372907983327984,16.0,inf,210184.0,7453.0,428
2024-05-06,15,6613,8198,211304.8400000007,31.952947225162664,12.90197489792832,16.0,inf,267557.0,8884.0,428
2024-05-06,16,6435,8038,219968.70000000147,34.18317016317039,3.7617948717948733,15.0,inf,307262.0,9880.0,428
2024-05-06,17,7623,9270,243304.0000000006,31.91709300800218,3.452610520792344,14.0,inf,370646.0,10137.0,428
2024-05-06,18,7522,9155,226272.660000001,30.081449082690906,3.1650079766019656,13.0,inf,276682.0,8092.0,428
2024-05-06,19,6111,7537,192566.14000000042,31.511395843560862,3.730116183930617,13.0,inf,171400.0,5079.0,428
2024-05-06,20,5558,7058,162847.09000000058,29.29958438287164,3.743252968693774,12.0,inf,128596.0,3445.0,428
2024-05-06,21,5482,6853,162189.12000000032,29.58575702298437,3.7962112367748992,12.0,inf,96238.0,2292.0,427
2024-05-06,22,4807,5969,147166.15999999992,30.614969835656318,4.083709174121079,13.0,inf,76094.0,1542.0,428
2024-05-06,23,2822,3440,99298.52000000015,35.18728561304045,5.262356484762581,13.0,inf,43281.0,977.0,425
2024-05-07,0,1513,1856,50708.43999999996,33.51516192994049,4.983721083939191,12.0,inf,22203.0,500.0,417
2024-05-07,1,651,779,18825.060000000016,28.91714285714288,4.169447004608297,10.0,inf,8097.0,165.0,408
2024-05-07,2,385,504,10638.469999999992,27.63238961038959,3.57251948051948,10.0,16.767122897824027,5263.0,109.0,408
2024-05-07,3,285,356,8956.289999999999,31.425578947368418,4.422245614035089,11.0,inf,6471.0,224.0,407
2024-05-07,4,299,296,10551.17,35.28819397993311,5.779899665551838,12.0,inf,18611.0,1184.0,422
2024-05-07,5,731,718,23905.33,32.70222982216143,5.3930095759233865,11.0,inf,69868.0,5984.0,428
2024-05-07,6,1907,1827,53088.07000000005,27.8385264813844,4.264656528578919,11.0,inf,162074.0,13896.0,428
2024-05-07,7,4393,4548,117058.14000000016,26.64651491008426,66.28031413612561,11.0,inf,327674.0,23457.0,428
2024-05-07,8,5679,5820,151156.48000000062,26.616742384222682,3.0073798203909075,14.0,inf,409704.0,24845.0,428
2024-05-07,9,5596,6168,150374.20999999988,26.87173159399569,2.8920514653323877,15.0,inf,256622.0,14104.0,428
2024-05-07,10,5598,6596,158326.65000000066,28.282717041800762,3.032022150768134,15.0,inf,166992.0,8592.0,428
2024-05-07,11,5788,7015,165849.55000000063,28.65403420870778,3.112458534899792,16.0,inf,151694.0,7079.0,428
2024-05-07,12,5987,7165,170030.49000000025,28.39994822114586,3.0028912644062147,16.0,inf,158569.0,6968.0,428
2024-05-07,13,6336,7715,192944.30000000133,30.45206755050526,3.4395501893939415,16.0,inf,178485.0,7747.0,428
2024-05-07,14,7116,8634,215618.29000000088,30.300490444069826,3.329058459808886,16.0,inf,223481.0,7982.0,428
2024-05-07,15,7283,8956,219311.810000001,30.11283948922161,3.235839626527529,16.0,inf,287004.0,9608.0,428
2024-05-07,16,7371,8861,237714.74000000051,32.24999864333205,3.222254782254777,15.0,inf,335174.0,10534.0,428
2024-05-07,17,8461,9723,265722.9200000014,31.405616357404725,8.874180356931806,16.0,inf,432598.0,11178.0,428
2024-05-07,18,8868,10423,260523.45000000048,29.37792625169153,2.7829397834912095,15.0,inf,323555.0,8812.0,428
2024-05-07,19,7122,8728,215492.6199999999,30.257318169053622,3.23395815782083,13.0,inf,197107.0,5648.0,428
2024-05-07,20,6893,8553,193788.29000000065,28.113780647033316,3.330613666038003,12.0,inf,148561.0,3903.0,428
2024-05-07,21,7763,9189,215317.0900000004,27.73632487440428,3.3540048950147985,13.0,inf,126091.0,2304.0,427
2024-05-07,22,7069,7926,196297.55000000048,27.76878624982324,3.4620667704059884,12.0,inf,89291.0,1713.0,428
2024-05-07,23,4458,5197,129777.59000000036,29.111168685509277,3.8047263346792195,12.0,inf,53473.0,1019.0,426
2024-05-08,0,1968,2325,60392.55000000013,30.68727134146348,4.199791666666662,12.0,inf,24878.0,491.0,419
2024-05-08,1,777,891,23335.73999999999,30.033127413127403,4.080424710424711,10.0,inf,9068.0,175.0,405
2024-05-08,2,391,471,10791.309999999996,27.59925831202045,3.766930946291561,9.0,inf,5626.0,139.0,404
2024-05-08,3,295,367,8864.279999999995,30.048406779661,4.248915254237286,9.0,inf,6699.0,206.0,403
2024-05-08,4,326,340,13573.800000000007,41.637423312883456,6.930705521472392,16.0,inf,18787.0,1188.0,423
2024-05-08,5,748,771,27076.849999999984,36.198997326203184,5.70592245989304,11.0,inf,67738.0,5929.0,428
2024-05-08,6,2236,2138,65095.45000000006,29.112455277280887,105.20521466905187,11.0,inf,157246.0,13900.0,428
2024-05-08,7,4948,4902,123883.25000000016,25.037035165723555,3.128765157639456,11.0,inf,323329.0,23448.0,428
2024-05-08,8,6402,6020,170452.32000000004,26.624854732895976,8.300482661668223,13.0,inf,400433.0,23640.0,428
2024-05-08,9,5833,6136,155604.72000000023,26.67661923538492,2.8307406137493603,14.0,inf,256804.0,13858.0,428
2024-05-08,10,5727,6694,157937.92000000033,27.577775449624642,2.941388161341014,14.0,inf,167346.0,8529.0,428
2024-05-08,11,6073,7322,182495.5100000006,30.05030627367044,3.2634233492507816,16.0,inf,152381.0,6790.0,428
2024-05-08,12,6483,7782,188023.9800000009,29.002619157797458,3.014129261144541,16.0,inf,162760.0,6921.0,428
2024-05-08,13,6653,8047,205752.20999999976,30.926230272057683,3.4081166391101747,16.0,inf,182996.0,7431.0,428
2024-05-08,14,7172,8529,224038.02000000112,31.237872281093296,3.420467094255438,16.0,inf,224665.0,8143.0,428
2024-05-08,15,7455,9027,236988.68000000104,31.78922602280363,3.4448812877263495,16.0,inf,278803.0,9278.0,428
2024-05-08,16,7635,9312,256496.92000000057,33.59488146692869,3.290020956123116,16.0,inf,330464.0,10513.0,428
2024-05-08,17,8824,10362,273723.9500000011,31.02039324569369,2.8934179510426214,15.0,inf,424764.0,11083.0,428
2024-05-08,18,9484,11398,278114.1100000006,29.32455820328982,2.8309078447912293,14.0,inf,322555.0,8920.0,428
2024-05-08,19,7650,9452,225692.16000000143,29.50224313725509,3.063811764705897,13.0,inf,197808.0,5700.0,428
2024-05-08,20,7239,8852,199146.3100000003,27.510196159690604,3.229324492333194,12.0,inf,148635.0,3807.0,428
2024-05-08,21,8093,9465,222223.5700000008,27.458738415915086,3.2581885580131003,12.0,inf,127138.0,2477.0,428
2024-05-08,22,7960,8919,226751.4700000001,28.486365577889458,10.144251256281406,13.0,inf,100125.0,1823.0,428
2024-05-08,23,5486,5877,166278.94000000032,30.309686474662836,3.984660955158587,13.0,inf,55748.0,1122.0,426
2024-05-09,0,2462,2921,80824.58000000005,32.828830219333895,4.725381803411865,12.0,inf,26048.0,494.0,418
2024-05-09,1,1158,1424,35055.99000000003,30.272875647668418,4.200449050086355,11.0,inf,9973.0,219.0,408
2024-05-09,2,632,766,16714.120000000017,26.446392405063317,3.3493670886075946,10.0,inf,5930.0,134.0,404
2024-05-09,3,423,502,12210.550000000003,28.86654846335698,3.9620803782505902,10.0,inf,6878.0,212.0,401
2024-05-09,4,389,359,14049.900000000001,36.11799485861183,5.420822622107971,13.0,inf,18799.0,1192.0,423
2024-05-09,5,869,842,31960.16999999997,36.77810126582275,72.06283084004603,11.0,inf,68051.0,5744.0,428
2024-05-09,6,2239,2074,66805.03999999996,29.83699866011611,4.53138901295221,11.0,inf,157113.0,13901.0,428
2024-05-09,7,4699,4534,124752.20000000062,26.548669929772423,3.4258778463502897,12.0,inf,314757.0,22732.0,428
2024-05-09,8,6119,6057,165175.9000000004,26.99393691779709,7.101954567739828,14.0,inf,387840.0,24015.0,428
2024-05-09,9,5956,6350,160371.2300000006,26.925995634654228,2.9773841504365346,14.0,inf,255018.0,13833.0,428
2024-05-09,10,6087,7240,174272.07000000065,28.630206998521544,3.181283062263838,15.0,inf,169793.0,8642.0,428
2024-05-09,11,6380,7602,180835.58000000074,28.34413479623836,3.0140266457680305,15.0,inf,155324.0,7126.0,425
2024-05-09,12,6717,7986,200891.05000000048,29.907853208277576,3.239672472830124,16.0,inf,164890.0,7070.0,425
2024-05-09,13,6765,8238,211925.88000000076,31.326811529933593,3.495362897265339,17.0,inf,184001.0,7628.0,425
2024-05-09,14,7602,9125,246732.34000000084,32.45624046303615,3.6406195737963585,18.0,inf,229867.0,8215.0,428
2024-05-09,15,7782,9496,255657.2100000012,32.85237856592151,3.616105114366486,18.0,inf,290074.0,9523.0,428
2024-05-09,16,8088,9836,280351.0900000011,34.662597675568875,3.503527448071218,16.0,inf,335305.0,10584.0,428
2024-05-09,17,9654,11168,305524.92000000295,31.647495338720006,3.022266418065043,16.0,inf,416703.0,11093.0,428
2024-05-09,18,10679,12267,315030.5600000011,29.50000561850371,10.950563723194982,14.0,inf,313714.0,8890.0,428
2024-05-09,19,8782,10582,256333.2400000007,29.18848098383064,3.0586472329765333,13.0,inf,204562.0,5556.0,428
2024-05-09,20,7987,9545,220833.96000000025,27.649174909227526,15.322912232377586,13.0,inf,155866.0,4038.0,428
2024-05-09,21,8334,10145,230352.1000000001,27.640040796736272,3.246226301895841,13.0,inf,122459.0,2477.0,428
2024-05-09,22,8189,9376,220398.5700000011,26.91397850775444,3.2359995115398634,13.0,inf,94447.0,1757.0,428
2024-05-09,23,6558,7199,180657.8300000001,27.5477020433059,3.4837236962488594,12.0,inf,58058.0,1044.0,425
2024-05-10,0,3793,4399,107417.6100000004,28.319960453467015,3.764160295280791,11.0,inf,28864.0,523.0,420
2024-05-10,1,1878,2460,51747.18000000002,27.554408945686912,3.604227902023426,10.0,inf,11152.0,179.0,411
2024-05-10,2,1054,1399,27897.149999999943,26.46788425047433,3.4464990512333986,9.0,inf,6477.0,127.0,403
2024-05-10,3,725,938,19893.319999999978,27.439062068965487,3.4735586206896594,9.0,inf,6892.0,223.0,406
2024-05-10,4,677,598,21864.130000000016,32.29561299852292,4.875657311669126,12.0,inf,17795.0,1005.0,422
2024-05-10,5,938,752,31650.469999999972,33.742505330490374,5.113518123667381,10.0,inf,62011.0,5199.0,428
2024-05-10,6,2171,1908,66795.15999999997,30.76700138185167,4.755389221556887,11.0,inf,137136.0,11530.0,428
2024-05-10,7,4392,4122,120798.22000000054,27.504148451730543,36.863142076502726,12.0,inf,264991.0,19643.0,428
2024-05-10,8,5848,5803,154643.94000000082,26.44390218878263,3.1523905608755087,12.0,inf,288795.0,18970.0,428
2024-05-10,9,5823,6550,158819.0600000009,27.274439292461086,34.4528490468831,14.0,inf,198780.0,11431.0,428
2024-05-10,10,5891,7000,163712.64000000048,27.790297063317006,3.0532575114581593,14.0,inf,155357.0,7745.0,428
2024-05-10,11,6097,7302,182861.43000000058,29.992033787108507,3.0996555683122886,16.0,inf,150283.0,6693.0,428
2024-05-10,12,6402,7409,194727.45000000086,30.416658856607445,3.2804795376444895,16.0,inf,167185.0,6728.0,428
2024-05-10,13,6664,7821,202054.41000000012,30.320289615846356,4.176995798319329,16.0,inf,190641.0,7305.0,428
2024-05-10,14,7831,9124,243833.96000000034,31.137014429830206,3.4806512578214788,16.0,inf,239422.0,8207.0,428
2024-05-10,15,8375,9573,260007.64000000106,31.04568835820908,3.233838805970148,16.0,inf,289330.0,9455.0,428
2024-05-10,16,8784,10092,282545.2700000007,32.16590050091083,3.1193966302367837,15.0,inf,307075.0,10157.0,428
2024-05-10,17,9283,10319,279766.5700000014,30.13751696649805,12.345253689540034,14.0,inf,327187.0,9910.0,428
2024-05-10,18,10152,11255,284096.06000000145,27.984245468873272,2.7942415287628073,13.0,inf,263535.0,8189.0,428
2024-05-10,19,10069,11207,271027.57000000146,26.917029496474473,2.7898381169927586,12.0,inf,188375.0,5593.0,428
2024-05-10,20,6999,8350,183396.63000000003,26.20326189455637,2.9538062580368707,12.0,inf,136665.0,3900.0,427
2024-05-10,21,7360,9628,202718.9600000006,27.54333695652182,3.212669836956532,13.0,inf,115251.0,2650.0,428
2024-05-10,22,7765,9507,207475.36000000074,26.71929942047659,3.147643271088229,13.0,inf,106121.0,2019.0,428
2024-05-10,23,7054,7978,190312.80000000022,26.97941593422175,3.329693790757013,13.0,inf,69496.0,1357.0,425
2024-05-11,0,6053,6476,151008.69000000015,24.947743267801116,3.056362134478776,12.0,inf,40751.0,704.0,423
2024-05-11,1,4682,5314,108924.38000000012,23.26449807774458,2.734523707817175,11.0,inf,19395.0,304.0,408
2024-05-11,2,3368,4188,75013.84,22.27251781472684,2.5358461995249466,10.0,inf,11150.0,186.0,402
2024-05-11,3,2008,2550,46228.08,23.021952191235062,2.7829233067729087,10.0,inf,8472.0,178.0,410
2024-05-11,4,1148,1329,29936.10000000001,26.076742160278755,3.514337979094078,9.0,inf,11565.0,377.0,418
2024-05-11,5,497,554,19312.389999999996,38.857927565392345,6.053521126760566,12.0,inf,24381.0,1203.0,420
2024-05-11,6,936,986,32713.799999999963,34.950641025640984,5.601976495726492,11.0,inf,48816.0,2957.0,422
2024-05-11,7,1543,1736,50145.149999999936,32.49847699287099,4.770686973428383,10.0,inf,73805.0,4287.0,422
2024-05-11,8,2647,3020,73828.45999999988,27.891371363808037,3.885428787306386,10.0,inf,96609.0,5028.0,421
2024-05-11,9,4017,4774,100420.40000000029,24.998854866816103,3.244232013940749,10.0,inf,119779.0,5242.0,420
2024-05-11,10,5182,6176,128246.03000000054,24.748365495947613,2.9929235816287174,11.0,inf,136868.0,5462.0,421
2024-05-11,11,6123,7528,154565.35000000068,25.24340192716,2.9688453372529837,12.0,inf,152506.0,5749.0,420
2024-05-11,12,6601,8115,170070.070000001,25.76428874412983,2.9297076200575694,13.0,inf,171959.0,6530.0,420
2024-05-11,13,7052,8637,195118.29000000012,27.66850397050484,3.17928247305729,14.0,inf,188685.0,6993.0,420
2024-05-11,14,6918,8617,200536.87000000017,28.987694420352728,3.4332870771899344,14.0,inf,196402.0,7053.0,421
2024-05-11,15,7624,9788,226192.87000000168,29.66852964323212,3.481629066107026,15.0,inf,207607.0,6844.0,421
2024-05-11,16,8081,10423,227532.93000000072,28.156531369880053,3.1866316049993824,14.0,inf,212740.0,6769.0,423
2024-05-11,17,8297,10472,227840.55000000226,27.4605941906716,3.086904905387486,14.0,inf,202868.0,6339.0,420
2024-05-11,18,8789,10821,230839.88000000129,26.26463533962923,2.875405620662197,14.0,inf,191022.0,5672.0,421
2024-05-11,19,8475,10493,222922.8700000008,26.303583480826056,2.9498064896755185,14.0,inf,164892.0,4719.0,420
2024-05-11,20,6613,8404,173475.8300000001,26.232546499319536,2.9035626795705456,13.0,inf,125091.0,3634.0,421
2024-05-11,21,6763,9053,183923.48999999953,27.1955478338015,11.879593375720848,13.0,inf,107245.0,2727.0,419
2024-05-11,22,7780,9746,208961.9000000005,26.85885604113117,3.040911311053982,14.0,inf,100380.0,1917.0,418
2024-05-11,23,7425,8321,200206.2000000006,26.96379797979806,3.174495622895628,13.0,inf,66911.0,1329.0,420
2024-05-12,0,6208,6586,162643.06000000026,26.1989465206186,3.212322809278347,12.0,inf,37544.0,687.0,414
2024-05-12,1,4680,5140,110545.43000000001,23.620818376068378,2.746209401709406,12.0,inf,19977.0,302.0,406
2024-05-12,2,3339,3835,76299.88999999993,22.851120095837054,2.7358400718778126,11.0,inf,11059.0,153.0,405
2024-05-12,3,2085,2492,51201.39999999998,24.55702637889687,3.0703405275779385,10.0,inf,7996.0,111.0,407
2024-05-12,4,1298,1353,36169.29999999998,27.865408320493053,3.934229583975347,11.0,inf,10125.0,260.0,412
2024-05-12,5,569,614,23875.409999999993,41.96029876977152,6.620913884007029,13.0,inf,16476.0,621.0,417
2024-05-12,6,892,959,33902.74999999994,38.00756726457393,6.20938340807175,11.0,inf,31216.0,1347.0,418
2024-05-12,7,1553,1728,51278.299999999894,33.01886670959426,5.166542176432712,10.0,inf,45833.0,2251.0,421
2024-05-12,8,2274,2691,67471.25000000001,29.67073438874231,4.3543271767809975,9.0,inf,62702.0,2860.0,419
2024-05-12,9,3801,4461,96234.9900000002,25.318334648776688,3.407363851617995,9.0,inf,83270.0,3120.0,421
2024-05-12,10,5280,6289,130824.93000000044,24.777448863636447,11.794534090909082,10.0,inf,101376.0,3274.0,419
2024-05-12,11,6698,7798,165889.1500000003,24.76696775156768,24.153408480143323,11.0,inf,113287.0,3647.0,420
2024-05-12,12,8034,9294,214093.43000000075,26.648422952452172,3.2048966890714525,12.0,inf,125114.0,4092.0,419
2024-05-12,13,7630,9021,228775.4100000008,29.983671035386735,15.18530930537354,13.0,inf,136213.0,4573.0,421
2024-05-12,14,7230,8995,217143.67000000062,30.033702627939228,15.806612724757954,14.0,inf,139739.0,4671.0,423
2024-05-12,15,6559,8423,202062.55000000075,30.806914163744587,3.9350998627839564,13.0,inf,141341.0,4419.0,420
2024-05-12,16,6596,8488,200960.25000000102,30.46698756822332,3.807886597938139,14.0,inf,143223.0,4199.0,420
2024-05-12,17,6564,8479,198032.4600000008,30.169478976234128,3.8131413772090266,13.0,inf,143392.0,4064.0,421
2024-05-12,18,6397,8243,181315.65999999963,28.343858058464846,3.5087806784430278,13.0,inf,133923.0,3562.0,423
2024-05-12,19,5836,7894,176922.2400000004,30.315668265935642,4.003192254969149,13.0,inf,110537.0,3051.0,419
2024-05-12,20,5562,7187,168133.86000000066,30.22902912621371,3.9030852211434754,12.0,inf,93097.0,2413.0,420
2024-05-12,21,5122,6460,161982.6100000007,31.624875048809198,11.382745021476005,13.0,inf,80303.0,2029.0,421
2024-05-12,22,3896,4703,128682.01000000059,33.02926334702274,4.661552874743328,12.0,inf,61942.0,1327.0,418
2024-05-12,23,2443,2993,95455.99999999999,39.07327056897257,5.941076545231283,14.0,inf,36176.0,826.0,416
2024-05-13,0,1431,1758,60849.97999999997,42.5226974143955,6.803466107617047,14.0,inf,17543.0,392.0,415
2024-05-13,1,637,799,23952.830000000005,37.60255886970174,5.646718995290424,11.0,inf,7552.0,156.0,402
2024-05-13,2,251,293,7136.599999999999,28.43266932270916,3.942669322709163,10.0,17.236523923887265,4897.0,119.0,407
2024-05-13,3,198,235,6873.369999999997,34.71398989898989,5.442979797979797,11.0,19.966072264753745,6111.0,211.0,407
2024-05-13,4,366,309,13200.970000000003,36.06822404371586,5.712431693989071,14.0,inf,18041.0,993.0,421
2024-05-13,5,824,736,30706.999999999975,37.2657766990291,6.224490291262135,12.0,inf,66695.0,5099.0,428
2024-05-13,6,2056,1914,62706.0700000001,30.499061284046743,4.833754863813228,11.0,inf,150477.0,12304.0,428
2024-05-13,7,4130,3995,115685.64000000032,28.011050847457703,3.8145617433414003,12.0,inf,296875.0,20075.0,428
2024-05-13,8,5465,5522,153581.12999999995,28.1026770356816,40.335540713632156,13.0,inf,348237.0,20233.0,427
2024-05-13,9,5436,6114,157298.57000000012,28.936455114054475,3.396445916114795,15.0,inf,220328.0,11713.0,428
2024-05-13,10,5336,6322,158279.00000000038,29.662481259370384,3.429962518740637,15.0,inf,153512.0,7442.0,428
2024-05-13,11,5349,6459,159701.43000000087,29.8563151991028,3.5278781080575876,16.0,inf,143056.0,6432.0,428
2024-05-13,12,5761,7065,170467.8100000005,29.58996875542449,3.432966498871731,15.0,inf,152695.0,6566.0,428
2024-05-13,13,5972,7249,183188.17000000132,30.674509377093322,3.765075351640985,14.0,inf,173371.0,7195.0,428
2024-05-13,14,6862,8287,216088.92000000176,31.490661614689852,3.8434873214806204,15.0,inf,216309.0,7810.0,428
2024-05-13,15,7271,9025,232782.17000000176,32.01515197359397,3.7763168752578715,15.0,inf,273504.0,9173.0,428
2024-05-13,16,6968,8619,238309.88000000044,34.20061423650982,3.716671928817453,15.0,inf,313536.0,10337.0,428
2024-05-13,17,8138,9448,254208.74000000115,31.237249938559984,3.311311132956498,14.0,inf,376562.0,10528.0,428
2024-05-13,18,8532,9758,254886.3500000008,29.874161978434223,3.1305086732301874,13.0,inf,283719.0,8516.0,428
2024-05-13,19,6542,8024,199983.75000000064,30.569206664628652,3.555703148884141,12.0,inf,174153.0,5176.0,428
2024-05-13,20,6016,7374,168501.3200000001,28.00886303191491,3.464885305851071,12.0,inf,131662.0,3520.0,428
2024-05-13,21,6607,7673,192345.84999999995,29.112433782352042,3.7491266838201875,12.0,inf,104875.0,2268.0,428
2024-05-13,22,6079,6268,172567.05000000066,28.387407468333716,16.945283763777,12.0,inf,80035.0,1645.0,427
2024-05-13,23,3409,3794,112123.07000000021,32.890310941625174,4.708811968319158,12.0,inf,43143.0,967.0,428
2024-05-14,0,1502,1755,48561.22000000004,32.331038615179786,4.687177097203718,12.0,inf,22745.0,480.0,419
2024-05-14,1,665,805,23673.310000000005,35.59896240601505,5.456210526315788,12.0,inf,8596.0,172.0,413
2024-05-14,2,322,412,8871.169999999996,27.550217391304336,3.7324844720496877,9.0,inf,5255.0,120.0,409
2024-05-14,3,198,250,6360.879999999998,32.125656565656556,4.965050505050503,9.5,19.28467862053381,6578.0,215.0,411
2024-05-14,4,287,277,10237.309999999996,35.67006968641113,6.187386759581878,14.0,20.68889484260916,18729.0,1190.0,423
2024-05-14,5,728,746,25409.349999999973,34.90295329670326,5.661277472527472,11.0,inf,70271.0,6094.0,428
2024-05-14,6,1977,1978,55450.35,28.04772382397572,27.03649468892264,10.0,inf,162010.0,13979.0,428
2024-05-14,7,4713,4735,130360.2200000007,27.659711436452515,3.664591555272653,12.0,inf,326976.0,22931.0,428
2024-05-14,8,6199,5978,176284.94000000015,28.437641555089556,3.249577351185665,15.0,inf,406917.0,23804.0,428
2024-05-14,9,5980,6450,168899.2100000003,28.244015050167278,3.06686287625417,15.0,inf,255441.0,13479.0,428
2024-05-14,10,5677,6698,164662.33000000115,29.005166461159266,3.122693323938703,15.0,inf,165753.0,8352.0,428
2024-05-14,11,6143,7244,177066.09000000023,28.824041999023315,5.594346410548603,16.0,inf,152731.0,7159.0,428
2024-05-14,12,6921,8247,209806.06000000032,30.314414102008428,3.239943649761594,17.0,inf,167631.0,7026.0,428
2024-05-14,13,6553,7856,201028.57000000137,30.677334045475565,3.3607920036624503,17.0,inf,181630.0,7439.0,428
2024-05-14,14,7392,8892,234303.03000000026,31.69683847402601,3.5544926948051927,17.0,inf,226744.0,8002.0,428
2024-05-14,15,7970,9565,240892.9700000011,30.224964868256098,3.1548030112923384,16.0,inf,290788.0,9512.0,428
2024-05-14,16,7884,9301,266296.0200000014,33.77676560121783,21.713839421613418,16.0,inf,340305.0,10482.0,428
2024-05-14,17,9029,9994,286483.2800000015,31.729236903311715,2.909367593310453,17.0,inf,433543.0,11635.0,428
2024-05-14,18,10437,11307,308001.3500000016,29.510525055092614,3.1278940308517753,15.0,inf,326358.0,9241.0,428
2024-05-14,19,9938,10683,286719.7800000014,28.850853290400625,2.7355504125578514,14.0,inf,205704.0,5723.0,428
2024-05-14,20,7848,8716,229418.1600000006,29.232691131498544,3.269480122324157,14.0,inf,142768.0,3856.0,427
2024-05-14,21,8903,9441,248623.1000000008,27.925766595529687,3.2547781646635903,13.0,inf,115676.0,2447.0,428
2024-05-14,22,7763,7836,223687.8200000005,28.814610331057647,3.4630194512430825,13.0,inf,88713.0,1772.0,428
2024-05-14,23,4904,4772,141298.93999999997,28.81299755301794,3.5824694127243095,13.0,inf,51551.0,1012.0,427
2024-05-15,0,1979,2339,61428.49999999996,31.040171803941366,4.338676099039923,12.0,inf,24250.0,489.0,419
2024-05-15,1,850,1116,24430.75000000001,28.742058823529426,4.089552941176472,10.0,inf,9100.0,176.0,411
2024-05-15,2,416,503,10669.39999999999,25.64759615384613,3.3199999999999985,9.0,inf,5596.0,149.0,406
2024-05-15,3,260,325,8614.220000000001,33.13161538461539,4.475115384615387,10.0,inf,6590.0,198.0,412
2024-05-15,4,313,297,11481.57,36.68233226837061,6.063450479233227,13.0,inf,18233.0,1190.0,424
2024-05-15,5,811,735,26450.98999999998,32.61527743526508,5.240086313193584,11.0,inf,67818.0,5999.0,428
2024-05-15,6,2428,2165,66736.44999999992,27.486182042833576,4.057965403624379,10.0,inf,155234.0,13354.0,428
2024-05-15,7,5413,4985,145909.9100000006,26.955460927397116,42.49725660447069,12.0,inf,312717.0,21371.0,428
2024-05-15,8,7098,6336,203393.70000000027,28.655071851225735,2.8991786418709466,14.0,inf,411405.0,23694.0,428
2024-05-15,9,6852,6510,199336.92000000097,29.091786339754957,19.97261675423234,15.0,inf,267971.0,13889.0,428
2024-05-15,10,6194,7170,175355.6600000006,28.31056829189548,2.9078689053923132,15.0,inf,169152.0,8437.0,428
2024-05-15,11,6373,7492,183727.14000000077,28.828987917778246,2.8650588419896432,17.0,inf,154355.0,7174.0,428
2024-05-15,12,6603,7920,200877.2200000006,30.422114190519554,3.13477510222627,17.0,inf,161171.0,6796.0,428
2024-05-15,13,6584,7871,206648.2100000008,31.38642314702321,8.086110267314702,17.0,inf,187162.0,7314.0,428
2024-05-15,14,7587,8876,237788.84000000072,31.34161592197189,3.372808751812311,17.0,inf,237997.0,7958.0,428
2024-05-15,15,7899,9415,249398.4600000017,31.573421952146056,12.595690593746072,17.0,inf,283815.0,9564.0,428
2024-05-15,16,8370,9848,292123.86000000173,34.901297491039635,3.4033094384707234,17.0,inf,334873.0,10505.0,428
2024-05-15,17,10051,10995,320481.29000000056,31.885512884290176,8.615152721122254,17.0,inf,434947.0,11275.0,428
2024-05-15,18,10091,10723,314556.80000000104,31.17201466653464,2.6412327816866568,16.0,inf,322985.0,9120.0,428
2024-05-15,19,8580,9680,267449.3100000012,31.171248251748395,2.9858310023310093,15.0,inf,199909.0,5848.0,428
2024-05-15,20,8481,9502,247350.84999999995,29.165293007900004,3.193000825374371,14.0,inf,143585.0,2622.0,428
2024-05-15,21,8992,9634,252097.56000000142,28.03576067615674,3.2566069839857628,13.0,inf,112412.0,848.0,428
2024-05-15,22,8389,8438,234731.04000000033,27.980812969364685,3.322832280367151,13.0,inf,96567.0,644.0,428
2024-05-15,23,5886,5700,168340.1099999999,28.60008664627929,3.712426095820588,12.0,inf,52600.0,396.0,424
2024-05-16,0,2498,3032,78066.06000000006,31.25142514011211,4.4854963971176955,11.0,inf,25726.0,553.0,419
2024-05-16,1,1203,1494,37145.879999999954,30.87770573566081,4.432435577722366,11.0,inf,9939.0,225.0,413
2024-05-16,2,639,801,18361.059999999994,28.734053208137706,3.815461658841943,9.0,inf,5909.0,135.0,406
2024-05-16,3,405,507,12603.819999999992,31.120543209876523,4.243432098765434,11.0,16.245083128845746,6868.0,225.0,419
2024-05-16,4,487,409,19115.45000000001,39.251437371663265,6.258008213552361,14.0,inf,18481.0,1140.0,422
2024-05-16,5,1043,866,34806.33999999996,33.37137104506228,41.7170853307766,10.0,inf,67521.0,5885.0,428
2024-05-16,6,2623,2308,71908.09000000008,27.414445291650814,3.922748760960735,10.0,inf,154335.0,13180.0,428
2024-05-16,7,5357,4875,143478.60000000036,26.783386223632696,15.336415904424102,12.0,inf,312080.0,21763.0,428
2024-05-16,8,6714,6099,186019.58000000074,27.706222817992366,9.846422400953246,13.0,inf,393702.0,23254.0,428
2024-05-16,9,6708,6866,186821.0000000006,27.850477042337598,2.902380739415614,14.0,inf,257225.0,13662.0,428
2024-05-16,10,6139,7127,176442.01000000027,28.74116468480213,3.0527186838247236,15.0,inf,167717.0,8320.0,428
2024-05-16,11,6502,7560,193820.65000000034,29.80938941864047,3.232082436173489,16.0,inf,154090.0,7006.0,428
2024-05-16,12,6955,8220,209382.18000000136,30.10527390366662,3.2796822429906682,17.0,inf,163978.0,6992.0,428
2024-05-16,13,6949,8307,219394.23000000083,31.572057850050484,3.5419815800834704,17.0,inf,186008.0,7562.0,428
2024-05-16,14,7838,9120,253583.1100000009,32.353037764736015,3.6058803266139297,17.0,inf,232946.0,8175.0,428
2024-05-16,15,8306,9658,261834.8500000015,31.523579340236154,3.6425403322899097,16.5,inf,290374.0,9388.0,428
2024-05-16,16,8596,10036,298789.1100000004,34.759086784551,3.5045079106561223,17.0,inf,341199.0,10572.0,428
2024-05-16,17,10033,11194,317307.63000000035,31.626395893551315,3.108684341672473,16.0,inf,419214.0,11053.0,428
2024-05-16,18,11144,12094,324899.7300000007,29.154677853553544,2.7392067480258504,14.0,inf,320434.0,9095.0,428
2024-05-16,19,9063,10556,263297.85000000114,29.051952995696915,3.008907646474683,13.0,inf,201432.0,5883.0,428
2024-05-16,20,8272,9766,236460.03999999937,28.585594777562786,3.3375930851063766,13.0,inf,151470.0,3914.0,428
2024-05-16,21,8939,10497,256492.7900000003,28.69367826378793,3.427910280792036,14.0,inf,125172.0,2566.0,427
2024-05-16,22,8758,9475,247305.45000000004,28.237662708380913,3.395043388901585,13.0,inf,98415.0,1893.0,427
2024-05-16,23,6452,6655,182873.71000000025,28.343724426534447,3.6268428394296475,12.0,inf,57482.0,1136.0,425
2024-05-17,0,3562,4251,102694.41000000054,28.830547445255625,3.84252667040989,11.0,inf,29628.0,572.0,421
2024-05-17,1,1788,2363,45586.32999999998,25.49571029082773,3.142667785234894,10.0,inf,11738.0,242.0,406
2024-05-17,2,1068,1409,26392.62,24.712191011235955,3.071235955056179,9.0,inf,6939.0,157.0,416
2024-05-17,3,681,845,19206.35999999999,28.203171806167386,3.8140234948604985,10.0,inf,7143.0,230.0,411
2024-05-17,4,691,661,24937.799999999985,36.08943560057885,5.571172214182344,12.0,inf,18392.0,1082.0,425
2024-05-17,5,820,774,31623.43999999995,38.565170731707255,5.96328048780487,12.0,inf,65015.0,5420.0,428
2024-05-17,6,1957,1858,64753.36000000002,33.088073582013294,5.201170158405734,11.0,inf,142770.0,12448.0,428
2024-05-17,7,3785,3751,106853.90000000027,28.23088507265529,16.671204755614283,12.0,inf,271676.0,19712.0,428
2024-05-17,8,5087,5392,139600.77000000107,27.44265185767664,14.528230784352237,13.0,inf,288277.0,18554.0,428
2024-05-17,9,5229,5917,149309.4500000003,28.554111684834634,3.3579326831134075,14.0,inf,197382.0,10758.0,428
2024-05-17,10,5540,6617,157315.5100000006,28.396301444043427,3.254220216606509,14.0,inf,155244.0,7700.0,428
2024-05-17,11,5821,7051,174092.35000000117,29.90763614499247,3.4627091565023194,15.0,inf,152482.0,6900.0,428
2024-05-17,12,6369,7516,186671.1300000014,29.309331135186277,3.3847589888522496,14.0,inf,169497.0,7175.0,428
2024-05-17,13,6818,8122,205608.13000000085,30.156663244353307,3.5794807861542997,14.0,inf,194407.0,7915.0,428
2024-05-17,14,8025,9362,250490.63000000062,31.21378566978201,11.073828037383187,15.0,inf,243029.0,8374.0,428
2024-05-17,15,8199,9618,252497.01000000112,30.79607391145275,3.425170142700324,15.0,inf,294999.0,9754.0,428
2024-05-17,16,8096,9570,266454.76000000036,32.911902173913084,3.369470108695644,14.0,inf,319027.0,10495.0,428
2024-05-17,17,9174,10466,274014.9400000015,29.868643993895958,3.066810551558751,13.0,inf,344199.0,10876.0,428
2024-05-17,18,10152,11490,287635.8200000013,28.3329215918047,2.8890780141844075,13.0,inf,277819.0,8865.0,428
2024-05-17,19,8608,9981,237774.80000000139,27.62253717472135,10.216326672862452,12.0,inf,198785.0,6138.0,428
2024-05-17,20,7143,8991,194932.9399999998,27.290065798683997,3.1566820663586723,13.0,inf,153146.0,4323.0,428
2024-05-17,21,6955,9235,193476.1500000003,27.818281811646344,3.2252063263839004,13.0,inf,134997.0,2899.0,428
2024-05-17,22,7688,9834,208595.73999999912,27.132640478667938,3.1688241415192375,13.0,inf,114625.0,2240.0,428
2024-05-17,23,7875,8646,211945.73000000042,26.913743492063546,3.2802387301587195,13.0,inf,80548.0,1385.0,425
2024-05-18,0,6813,7632,173784.58000000007,25.50779098781742,3.0265903419932494,12.0,inf,45423.0,785.0,416
2024-05-18,1,5042,5985,117662.12000000007,23.336398254660864,2.6633141610472055,11.0,inf,21057.0,364.0,411
2024-05-18,2,3606,4264,82274.03000000007,22.815870770937348,2.65621741541875,10.0,inf,12182.0,179.0,408
2024-05-18,3,2246,2802,52047.76000000003,23.173535173642044,2.7562377560106834,10.0,inf,9092.0,168.0,402
2024-05-18,4,1335,1355,36451.21999999997,27.304284644194734,3.6832284644194795,10.0,inf,12733.0,365.0,403
2024-05-18,5,786,692,28486.210000000054,36.24199745547081,5.647786259541986,12.0,inf,30802.0,1379.0,411
2024-05-18,6,1399,1202,50837.98999999991,36.33880629020722,5.734274481772684,11.0,inf,57400.0,2963.0,411
2024-05-18,7,1796,1745,56529.93000000005,31.475462138084662,4.761169265033403,10.0,inf,79021.0,4335.0,413
2024-05-18,8,2749,2948,75639.18000000017,27.51516187704626,3.872611858857763,10.0,inf,100737.0,5205.0,415
2024-05-18,9,4221,4715,109526.07000000007,25.94789623312013,3.4281497275527117,11.0,inf,124320.0,5529.0,414
2024-05-18,10,5147,6075,128462.87000000014,24.958785700408033,15.297715173887724,11.0,inf,139340.0,5247.0,413
2024-05-18,11,5948,7191,155438.37000000052,26.13287995965039,3.062684936112975,12.0,inf,164018.0,5746.0,411
2024-05-18,12,6868,8072,185030.16000000076,26.94090856144449,10.227041351193957,13.0,inf,180752.0,6375.0,412
2024-05-18,13,7013,8158,198102.62000000037,28.24791387423362,3.246730357906738,14.0,inf,185955.0,6691.0,415
2024-05-18,14,7226,8724,212638.3400000009,29.42683919180749,15.055301688347624,14.0,inf,188797.0,6637.0,411
2024-05-18,15,8568,10387,248047.3400000014,28.950436507936672,3.36707049486462,14.0,inf,220263.0,6747.0,412
2024-05-18,16,8522,10072,244459.32999999932,28.68567589767652,3.285869514198555,15.0,inf,215553.0,6572.0,414
2024-05-18,17,8979,10455,255330.23000000094,28.43637710212729,11.576847087648956,15.0,inf,203102.0,6385.0,410
2024-05-18,18,9434,10658,259398.95000000196,27.496178715285346,2.7729711681153284,15.0,inf,184632.0,5693.0,414
2024-05-18,19,8953,10664,241297.0600000008,26.951531330280442,22.629336535239542,15.0,inf,153047.0,4479.0,412
2024-05-18,20,6609,8115,180997.15,27.386465425934333,3.0556998032985287,14.0,inf,120851.0,3484.0,413
2024-05-18,21,6985,9106,184665.52000000005,26.437440229062283,38.64343593414459,13.0,inf,107256.0,2690.0,409
2024-05-18,22,7538,9232,204456.99000000005,27.123506235075624,3.17258556646326,14.0,inf,92885.0,1926.0,412
2024-05-18,23,7911,8764,215053.66000000044,27.18413095689552,3.230491720389327,14.0,inf,69088.0,1272.0,407
2024-05-19,0,6740,7042,171915.23000000027,25.50671068249262,3.0475890207715137,12.0,inf,39781.0,691.0,408
2024-05-19,1,5321,5898,123957.91000000031,23.29598007893259,13.940140950949068,11.0,inf,20262.0,310.0,397
2024-05-19,2,3531,3989,81618.05000000009,23.114712546020982,2.8045511186632672,11.0,inf,11861.0,176.0,391
2024-05-19,3,2259,2706,54664.170000000086,24.198393094289546,3.1127135900841045,10.0,inf,8578.0,153.0,404
2024-05-19,4,1522,1460,41505.879999999976,27.27061760840997,3.850775295663601,11.0,inf,10639.0,293.0,404
2024-05-19,5,774,670,29012.10999999999,37.48334625322996,5.988036175710596,13.0,inf,17721.0,727.0,410
2024-05-19,6,1066,917,37769.57999999999,35.43112570356472,5.811172607879926,11.0,inf,33333.0,1719.0,411
2024-05-19,7,1518,1623,54781.66999999998,36.08805665349142,5.843399209486162,11.0,inf,50235.0,2529.0,414
2024-05-19,8,2466,2831,77061.50000000007,31.249594484995974,4.671504460665053,10.0,inf,70040.0,3385.0,411
2024-05-19,9,3598,4174,96461.94,26.8098777098388,3.661712062256807,10.0,inf,92809.0,3838.0,412
2024-05-19,10,5091,5831,138333.0400000005,27.172076212924868,3.425389903751723,12.0,inf,113109.0,4059.0,410
2024-05-19,11,6029,6919,163108.07000000065,27.0539177309671,3.2748896997843757,13.0,inf,129183.0,4737.0,411
2024-05-19,12,6880,7921,191468.26000000085,27.829688953488496,3.3567688953488477,13.0,inf,149454.0,5272.0,411
2024-05-19,13,7183,8296,222225.37000000107,30.937682027008364,3.697349296951146,15.0,inf,162119.0,5517.0,410
2024-05-19,14,7595,8746,249210.26000000088,32.81241079657681,12.160259381171823,16.0,inf,172575.0,5793.0,414
2024-05-19,15,6988,8170,234521.47000000076,33.560599599313214,4.040103033772181,16.0,inf,170091.0,5353.0,409
2024-05-19,16,6839,8279,224997.48000000117,32.89917824243327,4.2138646000877396,15.0,inf,170739.0,4703.0,412
2024-05-19,17,6686,8398,206865.88000000163,30.94015554890841,3.8472090936284826,14.0,inf,158727.0,4618.0,410
2024-05-19,18,6916,8574,199967.32000000033,28.913724696356322,3.4458285135916733,14.0,inf,155718.0,4125.0,413
2024-05-19,19,5965,7602,179061.3800000005,30.018672254819865,3.877748533109817,13.0,inf,125708.0,3518.0,413
2024-05-19,20,5393,6968,169637.3300000008,31.455095494159245,4.104173929167443,13.0,inf,104274.0,2925.0,411
2024-05-19,21,5251,6368,163963.03000000023,31.225105694153537,4.228244143972588,13.0,inf,82383.0,2017.0,408
2024-05-19,22,4282,4952,477460.48000000004,111.50408220457732,4.829051844932289,13.0,inf,62594.0,1381.0,413
2024-05-19,23,2588,3056,90243.74,34.87006955177743,5.228887171561049,13.0,inf,38623.0,844.0,411
2024-05-20,0,1623,1922,63325.789999999964,39.01773875539123,5.88777572396795,13.0,inf,17940.0,437.0,407
2024-05-20,1,779,983,31939.719999999976,41.00092426187417,6.598267008985884,13.0,inf,8072.0,174.0,403
2024-05-20,2,326,382,8950.509999999995,27.45555214723925,3.998282208588954,9.0,17.398601013746756,5040.0,86.0,400
2024-05-20,3,276,326,9528.589999999998,34.5238768115942,5.056123188405798,11.0,19.851087370602706,6239.0,213.0,402
2024-05-20,4,407,342,14663.799999999992,36.02899262899261,5.781867321867321,13.0,inf,17924.0,1092.0,423
2024-05-20,5,783,668,30221.709999999985,38.5973307790549,6.330395913154537,11.0,inf,67316.0,5662.0,428
2024-05-20,6,1992,1863,61664.19000000003,30.95591867469881,4.837660642570287,11.0,inf,152816.0,13071.0,428
2024-05-20,7,4118,3976,117969.12000000021,28.647187955318167,3.8321369596891657,12.0,inf,298786.0,21365.0,428
2024-05-20,8,5311,5285,149043.87000000034,28.063240444360826,3.3789154584824015,13.0,inf,345811.0,21112.0,428
2024-05-20,9,5304,5872,147065.59000000026,27.727298265460078,3.221003016591252,13.0,inf,218871.0,12220.0,428
2024-05-20,10,5019,6045,153375.12000000014,30.558900179318616,3.613566447499503,14.0,inf,151985.0,7671.0,428
2024-05-20,11,5288,6488,156085.21000000066,29.5168702723148,3.4314788199697457,15.0,inf,140881.0,6617.0,428
2024-05-20,12,5678,6982,167561.43000000078,29.51064283198323,3.441662557238468,14.0,inf,150355.0,6706.0,428
2024-05-20,13,5960,7386,183227.3800000007,30.74284899328871,3.8445402684563867,14.0,inf,170863.0,7245.0,428
2024-05-20,14,6443,8019,200028.71000000119,31.045896321589506,3.7716638212013023,15.0,inf,212723.0,7798.0,428
2024-05-20,15,6745,8353,210926.08000000136,31.27147220163104,3.657596738324685,15.0,inf,271095.0,9039.0,428
2024-05-20,16,6745,8352,228795.87000000192,33.92081097108998,3.7593031875463194,14.0,inf,313020.0,10324.0,428
2024-05-20,17,7392,8591,223824.0600000015,30.2792288961041,3.2066815476190564,13.0,inf,373714.0,10557.0,428
2024-05-20,18,7669,9079,216790.55000000124,28.268424827226657,2.9974194810275048,12.0,inf,280374.0,8475.0,428
2024-05-20,19,6422,8079,190518.8200000014,29.66658673310517,3.4354515727187804,11.0,inf,175749.0,5434.0,428
2024-05-20,20,5992,7497,167221.77000000002,27.90750500667557,3.5487983978638256,11.0,inf,132808.0,3752.0,428
2024-05-20,21,6480,7929,181092.73000000088,27.94640895061742,3.643462962962969,11.0,inf,110303.0,2444.0,427
2024-05-20,22,5149,5857,149109.1100000004,28.958848320062224,3.9334181394445578,12.0,inf,72467.0,1633.0,423
2024-05-20,23,2936,3545,96028.46999999987,32.707244550408674,4.713392370572205,12.0,inf,42756.0,941.0,417
2024-05-21,0,1394,1749,47500.080000000016,34.074662840746065,4.961047345767574,11.0,inf,21646.0,473.0,404
2024-05-21,1,572,754,18833.69999999999,32.926048951048934,4.936765734265733,11.0,inf,7842.0,143.0,392
2024-05-21,2,314,377,9443.64,30.07528662420382,4.464649681528661,11.5,18.156178843462627,4936.0,118.0,384
2024-05-21,3,196,255,6947.700000000003,35.44744897959185,5.451530612244898,11.0,inf,6396.0,213.0,398
2024-05-21,4,308,296,11859.51,38.5049025974026,6.607727272727273,13.5,inf,18473.0,1210.0,418
2024-05-21,5,732,781,26670.609999999975,36.435259562841495,5.723633879781414,11.0,inf,70033.0,6080.0,428
2024-05-21,6,1842,1904,54670.74000000005,29.68009771986973,4.45542345276873,10.0,inf,160287.0,13821.0,428
2024-05-21,7,4162,4254,109567.92000000052,26.325785679961683,3.360329168668901,11.0,inf,320035.0,22909.0,428
2024-05-21,8,5753,6047,153744.34000000064,26.724203024509062,18.411953763253965,13.0,inf,401158.0,23316.0,428
2024-05-21,9,5697,6309,154143.0800000002,27.056886080393223,2.942536422678617,14.0,inf,250258.0,13258.0,428
2024-05-21,10,5649,6699,159211.5400000005,28.184021950787837,11.548551956098429,15.0,inf,162462.0,8012.0,427
2024-05-21,11,5882,6970,169486.37000000032,28.814411764705937,3.013383202992189,16.0,inf,147112.0,6787.0,426
2024-05-21,12,6151,7349,181285.3999999997,29.47250853519748,3.1051780198341787,16.0,inf,155203.0,6998.0,427
2024-05-21,13,6454,7799,196930.58000000095,30.512950108460018,3.358490858382397,16.0,inf,176144.0,7490.0,428
2024-05-21,14,7139,8593,214702.2300000001,30.07455245832751,3.2865331278890495,16.0,inf,222102.0,8021.0,428
2024-05-21,15,7304,8933,221483.9100000005,30.323645947426137,3.302977820372398,16.0,inf,283556.0,9496.0,428
2024-05-21,16,7538,9196,244979.23000000138,32.499234544972325,12.709310161846652,15.0,inf,334113.0,10685.0,428
2024-05-21,17,8781,10097,268875.04000000074,30.620093383441606,2.9884272861860834,15.0,inf,424709.0,11398.0,428
2024-05-21,18,9147,10443,252949.57000000126,27.653828577675878,4.758806165956059,13.0,inf,313545.0,9119.0,428
2024-05-21,19,7384,8825,213536.4400000002,28.918802816901437,3.0935671722643527,12.0,inf,194696.0,5700.0,428
2024-05-21,20,7043,8585,192047.87000000037,27.26790714184302,3.2434062189407964,12.0,inf,146596.0,4001.0,428
2024-05-21,21,8231,9476,225625.6700000003,27.411696027214226,3.397588385372373,12.0,inf,121767.0,2590.0,428
2024-05-21,22,7394,7750,200390.08000000066,27.101714903976287,3.4214160129835025,12.0,inf,93838.0,1827.0,423
2024-05-21,23,4600,4624,131455.21000000014,28.577219565217423,20.79977826086958,12.0,inf,50961.0,1068.0,419
2024-05-22,0,2090,2407,66549.84999999996,31.84203349282295,4.611751196172246,12.0,inf,24700.0,544.0,404
2024-05-22,1,801,984,22861.429999999986,28.541111111111093,3.929975031210986,10.0,inf,9021.0,197.0,398
2024-05-22,2,418,503,11454.500000000004,27.403110047846898,3.486602870813396,9.0,inf,5663.0,151.0,392
2024-05-22,3,261,300,8037.7999999999965,30.796168582375465,3.910153256704981,11.0,inf,6468.0,203.0,398
2024-05-22,4,378,376,15159.280000000006,40.10391534391536,6.245264550264548,13.0,inf,18491.0,1171.0,418
2024-05-22,5,745,756,28231.649999999965,37.89483221476505,99.18238926174497,11.0,inf,69933.0,6076.0,428
2024-05-22,6,2003,1950,61679.41999999998,30.793519720419358,4.6482176734897624,10.0,inf,159678.0,13811.0,428
2024-05-22,7,4390,4352,115014.51000000062,26.19920501138966,3.3491070615034184,11.0,inf,318625.0,22676.0,428
2024-05-22,8,5903,6015,151484.4300000008,25.662278502456516,2.9095341351854986,13.0,inf,396787.0,23088.0,428
2024-05-22,9,5863,6415,152292.00000000055,25.975098072659144,2.801224629029513,13.0,inf,250569.0,13353.0,428
2024-05-22,10,5696,6716,157741.56000000035,27.693391853932646,2.971049859550564,14.0,inf,165243.0,8656.0,428
2024-05-22,11,6150,7309,171158.3100000003,27.83061951219517,2.936263414634141,15.0,inf,154798.0,7552.0,428
2024-05-22,12,6332,7600,185854.68000000014,29.351655085281134,3.06754106127607,16.0,inf,165826.0,7211.0,428
2024-05-22,13,6739,8036,200893.63000000163,29.81059949547435,3.1666968392936767,16.0,inf,183732.0,7623.0,428
2024-05-22,14,7367,8813,229999.7500000013,31.220272838333283,3.355019682367313,16.0,inf,226483.0,8220.0,428
2024-05-22,15,7742,9303,235081.30000000095,30.364414879876122,3.234510462412819,16.0,inf,281659.0,9523.0,426
2024-05-22,16,7759,9184,244722.50000000087,31.540469132620295,3.7882729733212925,15.0,inf,338337.0,10783.0,428
2024-05-22,17,9496,10627,297003.8700000019,31.276734414490512,2.977652695871947,15.0,inf,424790.0,11713.0,428
2024-05-22,18,10295,11350,306795.3300000025,29.800420592520886,2.8635930063137494,13.0,inf,325943.0,9477.0,428
2024-05-22,19,8270,9718,243890.79999999996,29.49102781136638,3.0570157194679632,12.0,inf,201613.0,6145.0,428
2024-05-22,20,7533,8997,208934.66000000006,27.735916633479366,3.255264834727201,12.0,inf,149657.0,3948.0,428
2024-05-22,21,8372,9417,232882.38000000047,27.816815575728675,3.3536980410893524,12.0,inf,123753.0,2607.0,428
2024-05-22,22,8313,9157,240829.68999999878,28.970250210513505,3.5795031877781853,13.0,inf,100349.0,1961.0,420
2024-05-22,23,5948,6007,178507.0700000004,30.011276059179625,11.62864492266308,13.0,inf,60667.0,1218.0,419
2024-05-23,0,2766,3148,87264.95000000017,31.54915039768625,4.327404193781634,12.0,inf,26366.0,581.0,406
2024-05-23,1,1287,1607,43025.91000000005,33.43116550116554,4.754421134421134,11.0,inf,10369.0,191.0,394
2024-05-23,2,616,798,17704.209999999985,28.740600649350625,3.8875162337662323,10.0,inf,5880.0,141.0,385
2024-05-23,3,393,471,12339.139999999989,31.39730279898216,4.508422391857508,11.0,inf,6795.0,223.0,403
2024-05-23,4,457,412,17682.590000000004,38.69275711159738,6.105798687089714,11.0,inf,18495.0,1185.0,418
2024-05-23,5,891,843,34175.879999999954,38.356767676767625,6.1301683501683515,12.0,inf,68657.0,5816.0,428
2024-05-23,6,2112,2064,65353.229999999996,30.943764204545452,4.712689393939386,10.0,inf,153820.0,13296.0,428
2024-05-23,7,4525,4323,118294.54000000027,26.142439779005585,3.323078453038676,11.0,inf,300114.0,21570.0,428
2024-05-23,8,5945,5932,155327.3300000006,26.127389402859645,2.9443986543313723,13.0,inf,362115.0,22014.0,428
2024-05-23,9,6895,7382,174452.61000000074,25.301321247280747,2.494211747643224,14.0,inf,236951.0,12529.0,428
2024-05-23,10,5998,6348,155464.27000000028,25.919351450483543,2.5108136045348437,14.0,inf,146454.0,7235.0,428
2024-05-23,11,5418,6465,151126.4700000001,27.893405315614633,2.8970819490586943,16.0,inf,146968.0,6614.0,428
2024-05-23,12,6011,7218,172129.13000000067,28.635689569123386,3.0201913159208127,16.0,inf,152267.0,6364.0,427
2024-05-23,13,6397,7761,195342.24000000028,30.53653900265754,3.433063936220101,16.0,inf,171619.0,7192.0,427
2024-05-23,14,7203,8765,227517.45000000123,31.586484798001003,3.5025031236984607,16.0,inf,222044.0,7926.0,428
2024-05-23,15,7297,8888,225228.92999999993,30.865962724407282,12.015570782513361,16.0,inf,284273.0,9194.0,428
2024-05-23,16,7657,9189,263412.760000001,34.40156196943986,3.549371816638369,16.0,inf,321101.0,10290.0,428
2024-05-23,17,8693,9918,275316.3100000017,31.671035315771505,3.1352904635913905,15.0,inf,387485.0,11161.0,428
2024-05-23,18,9033,10301,266094.3300000012,29.458023912321618,7.1151887523524975,14.0,inf,294647.0,8931.0,428
2024-05-23,19,6897,8381,208079.43000000092,30.16955632883876,3.2391184573002754,13.0,inf,190345.0,5680.0,428
2024-05-23,20,6182,7767,182908.52000000115,29.587272727272914,3.5813474603688134,13.0,inf,144471.0,3985.0,428
2024-05-23,21,6687,8382,187797.95000000048,28.084036189621724,3.3554613429041353,13.0,inf,121424.0,2655.0,428
2024-05-23,22,6392,7768,184075.52000000048,28.797797246558275,3.6361389236545705,13.0,inf,89145.0,1856.0,425
2024-05-23,23,4930,5690,146398.94000000018,29.69552535496961,3.9032393509127674,13.0,inf,58699.0,1222.0,420
2024-05-24,0,3874,4622,119246.02999999996,30.781112545172935,4.272971089313376,12.0,inf,31136.0,621.0,403
2024-05-24,1,2103,2700,68333.11000000012,32.49315739419882,4.624564907275322,11.0,inf,12289.0,262.0,391
2024-05-24,2,1082,1390,32972.13999999998,30.47332717190386,4.323595194085026,10.0,inf,6955.0,127.0,393
2024-05-24,3,663,836,21097.89999999998,31.82187028657614,4.580452488687779,10.0,inf,7304.0,231.0,396
2024-05-24,4,755,635,26038.889999999992,34.48859602649006,5.2272980132450355,12.0,inf,17935.0,1041.0,422
2024-05-24,5,1011,868,37562.82999999998,37.15413452027693,5.967477744807123,12.0,inf,64219.0,5298.0,428
2024-05-24,6,1820,1755,60617.57999999995,33.30636263736261,5.157302197802191,11.0,inf,138332.0,11829.0,428
2024-05-24,7,3395,3463,93483.49000000015,27.535637702503728,22.358898379970473,11.0,inf,250001.0,18593.0,428
2024-05-24,8,4149,4542,114047.23000000024,27.487883827428355,3.468452639190168,12.0,inf,258889.0,17126.0,428
2024-05-24,9,5197,5880,146282.46000000025,28.147481239176496,3.4246796228593466,14.0,inf,182697.0,10523.0,428
2024-05-24,10,5662,6796,157159.41000000015,27.75687212998943,3.237258919109852,14.0,inf,150893.0,7669.0,428
2024-05-24,11,5407,6726,156379.39000000057,28.921655261697904,14.2416034769743,14.0,inf,152358.0,7202.0,428
2024-05-24,12,5888,7073,169266.11000000045,28.74764096467399,3.387666440217394,14.0,inf,173563.0,7258.0,428
2024-05-24,13,6162,7407,177092.14000000083,28.739393054203315,3.438169425511194,13.0,inf,201036.0,8060.0,428
2024-05-24,14,6951,8254,210629.8300000009,30.30209034671283,3.489802906056688,14.0,inf,252372.0,8813.0,428
2024-05-24,15,7162,8492,213339.3300000007,29.78767523038267,3.3334264172019092,14.0,inf,296291.0,10191.0,428
2024-05-24,16,6805,8091,221601.5500000007,32.56451873622347,3.3766495224099913,15.0,inf,294580.0,10198.0,428
2024-05-24,17,7173,8417,225471.2800000002,31.433330545099707,3.34220270458664,13.0,inf,289675.0,9998.0,428
2024-05-24,18,6630,8250,191222.12000000052,28.841948717948796,3.0065248868778234,12.0,inf,237336.0,8047.0,428
2024-05-24,19,5698,7351,165398.8800000005,29.027532467532556,3.1538346788346865,12.0,inf,179032.0,5789.0,428
2024-05-24,20,4704,6305,134839.45999999996,28.66485119047618,3.5145195578231205,12.0,inf,140329.0,4110.0,428
2024-05-24,21,5002,6954,146064.7600000002,29.20127149140348,3.58958016793283,13.0,inf,121751.0,3002.0,427
2024-05-24,22,5344,7429,150113.66000000064,28.09013098802407,3.367790044910186,13.0,inf,105258.0,2301.0,427
2024-05-24,23,5081,6732,144586.60000000033,28.456327494587743,3.5618756150364144,13.0,inf,73938.0,1405.0,424
2024-05-25,0,3880,4705,101612.4299999999,26.188770618556678,37.50183762886605,12.0,inf,39798.0,796.0,422
2024-05-25,1,2748,3586,70740.69000000012,25.74260917030572,3.2219032023289675,11.0,inf,18777.0,328.0,418
2024-05-25,2,1973,2532,48626.11000000005,24.64577293461736,3.014044602128742,10.0,inf,11260.0,186.0,410
2024-05-25,3,1355,1655,34058.45999999998,25.13539483394832,3.2163321033210326,10.0,inf,8068.0,158.0,403
2024-05-25,4,1044,987,30538.079999999987,29.25103448275861,4.2954118773946375,11.0,inf,11209.0,324.0,406
2024-05-25,5,479,508,18772.599999999995,39.19123173277661,6.307286012526095,12.0,inf,22357.0,1220.0,406
2024-05-25,6,874,994,32064.51999999994,36.687093821510224,5.975411899313507,11.0,inf,44107.0,2589.0,405
2024-05-25,7,1340,1559,43103.20999999993,32.16657462686562,4.816955223880601,10.0,inf,67240.0,4017.0,411
2024-05-25,8,1997,2394,57806.239999999976,28.94653980971456,48.559419128693044,10.0,inf,84164.0,4681.0,405
2024-05-25,9,2983,3735,77087.56000000007,25.842292993630597,12.700958766342605,10.0,inf,104988.0,5080.0,406
2024-05-25,10,3829,4999,98530.1600000001,25.732609036301934,3.25502219900758,11.0,inf,121007.0,5147.0,406
2024-05-25,11,4510,5981,116384.33000000044,25.80583813747238,3.1960953436807036,11.0,inf,137944.0,5954.0,408
2024-05-25,12,4896,6576,129392.62000000053,26.428231209150436,3.220441176470586,12.0,inf,153977.0,6439.0,407
2024-05-25,13,5218,7026,142801.94000000073,27.367178995783966,3.4360099655040215,12.0,inf,163963.0,6815.0,407
2024-05-25,14,5167,7118,149686.84000000064,28.96977743371408,3.721103154635184,12.0,inf,167355.0,6680.0,408
2024-05-25,15,5245,7301,147630.28999999986,28.146861773117227,29.19591229742609,13.0,inf,177080.0,6445.0,409
2024-05-25,16,5607,7971,156248.77000000066,27.866732655609177,3.4780381665774907,13.0,inf,186212.0,6460.0,407
2024-05-25,17,5684,8119,153311.68000000028,26.97249824067563,23.107980295566488,13.0,inf,177220.0,6067.0,404
2024-05-25,18,5521,7760,147550.57000000126,26.725334178591062,3.169996377467859,13.0,inf,162010.0,5295.0,405
2024-05-25,19,5441,7850,145450.3000000004,26.732273479139938,3.2625160816026484,13.0,inf,144923.0,4529.0,406
2024-05-25,20,4436,6264,119520.14,26.943223624887285,7.1388954012624115,12.0,inf,119332.0,3503.0,403
2024-05-25,21,4492,6384,121741.94000000035,27.10194568121112,6.5548508459483505,12.0,inf,100372.0,2593.0,404
2024-05-25,22,5112,7097,138740.4200000004,27.140144757433568,3.416300860719876,13.0,inf,91466.0,1921.0,408
2024-05-25,23,4430,5660,116833.27000000053,26.373198645598315,3.3746772009029353,12.0,inf,62689.0,1310.0,400
2024-05-26,0,3631,4386,95091.2200000004,26.188713852933184,3.5002120627926208,12.0,inf,34647.0,720.0,398
2024-05-26,1,2602,3289,62487.95999999994,24.01535741737123,3.0232282859338953,11.0,inf,17492.0,319.0,388
2024-05-26,2,1939,2346,46249.18999999987,23.852083548220666,3.0988757091284103,10.0,inf,10640.0,159.0,388
2024-05-26,3,1501,1679,36601.38999999995,24.384670219853398,3.350732844770147,10.0,inf,7803.0,116.0,389
2024-05-26,4,1121,973,30158.15000000004,26.902899197145445,4.226422836752894,11.0,inf,9927.0,285.0,396
2024-05-26,5,503,558,19702.880000000005,39.17073558648112,6.20707753479125,13.0,inf,16680.0,722.0,400
2024-05-26,6,793,856,28149.229999999963,35.49713745271118,5.714665825977302,11.0,inf,31378.0,1619.0,404
2024-05-26,7,1081,1247,36090.49999999994,33.38621646623491,5.31192414431082,10.0,inf,46470.0,2499.0,402
2024-05-26,8,1658,2052,50831.27999999998,30.65819059107357,4.458498190591077,10.0,inf,63813.0,3134.0,403
2024-05-26,9,2690,3295,71202.29000000012,26.469252788104136,3.783022304832713,10.0,inf,86340.0,3805.0,404
2024-05-26,10,3398,4288,88305.78000000014,25.987575044143657,3.5815332548558048,10.0,inf,107228.0,4355.0,404
2024-05-26,11,4066,5282,103195.18000000031,25.380024594195845,3.322675848499748,11.0,inf,122878.0,4874.0,403
2024-05-26,12,4975,6594,128669.31000000077,25.863177889447392,3.2984944723618064,11.0,inf,140015.0,5465.0,405
2024-05-26,13,5502,7132,151973.55000000072,27.62151035986927,3.729596510359865,12.0,inf,151100.0,5978.0,407
2024-05-26,14,5618,7271,169226.44000000076,30.12218583125681,3.986571733713077,13.0,inf,154437.0,5895.0,405
2024-05-26,15,5200,6869,152893.58000000034,29.402611538461603,3.9065211538461573,13.0,inf,158792.0,5688.0,405
2024-05-26,16,5345,7246,157587.75000000032,29.483208606174053,3.8860355472404193,13.0,inf,161767.0,5289.0,405
2024-05-26,17,5638,7325,157241.46000000066,27.88958141184829,19.320822986874774,13.0,inf,154581.0,4932.0,407
2024-05-26,18,5588,7199,149726.32000000062,26.794259126700183,3.3585898353614887,13.0,inf,144796.0,4313.0,406
2024-05-26,19,4733,6125,127460.77000000062,26.930228185083585,3.556668075216562,12.0,inf,122058.0,3602.0,407
2024-05-26,20,4312,5630,124674.97000000034,28.91349025974034,3.8446474953617815,12.0,inf,102834.0,3020.0,406
2024-05-26,21,4038,5410,122947.92000000019,30.447726597325456,19.266589895988094,13.0,inf,86608.0,2380.0,404
2024-05-26,22,4309,4925,129712.38000000031,30.102664191227735,4.224585750754236,13.0,inf,70683.0,1603.0,404
2024-05-26,23,3673,3890,114610.58000000022,31.203533895997882,4.5775605771848715,12.0,inf,46117.0,1007.0,402
2024-05-27,0,2832,3018,85319.85000000024,30.127065677966186,33.39195621468927,12.0,inf,26314.0,506.0,400
2024-05-27,1,1673,1868,45612.97999999998,27.264184100418397,3.8230245068738884,10.0,inf,12164.0,192.0,396
2024-05-27,2,968,1001,23963.86000000001,24.756053719008275,3.3449173553719,10.0,inf,6744.0,128.0,387
2024-05-27,3,680,651,18732.450000000008,27.547720588235308,4.046882352941175,11.0,inf,5520.0,144.0,388
2024-05-27,4,792,543,24245.460000000017,30.612954545454567,4.795946969696971,12.0,inf,9676.0,360.0,398
2024-05-27,5,536,498,21934.569999999992,40.922705223880584,6.529645522388059,13.0,inf,21936.0,1116.0,403
2024-05-27,6,804,906,33337.139999999934,41.464104477611855,6.861318407960193,12.0,inf,42583.0,2327.0,406
2024-05-27,7,1232,1495,43213.799999999894,35.07613636363628,55.76491071428557,10.0,inf,58516.0,3404.0,406
2024-05-27,8,1415,1890,50950.37999999996,36.00733568904591,5.487901060070667,10.0,inf,69612.0,3774.0,402
2024-05-27,9,2070,2840,63632.40999999994,30.740294685990307,4.471289855072463,10.0,inf,77238.0,3581.0,403
2024-05-27,10,2829,3833,83035.47999999997,29.351530576175314,4.1304984093319215,10.0,inf,89534.0,3869.0,406
2024-05-27,11,3331,4579,93457.87999999999,28.05700390273191,3.8157730411287885,10.0,inf,102253.0,4095.0,405
2024-05-27,12,4182,5618,115365.31000000048,27.586157340985288,3.7160019129603072,10.0,inf,116311.0,4683.0,408
2024-05-27,13,5428,7199,144599.42000000068,26.639539425202777,12.699005158437721,10.0,inf,129981.0,5115.0,405
2024-05-27,14,7359,8878,197900.94000000143,26.89236852833285,3.3712623997825872,11.0,inf,138596.0,5105.0,407
2024-05-27,15,5840,7204,166238.67000000092,28.465525684931663,3.6672071917808204,12.0,inf,134492.0,4627.0,406
2024-05-27,16,4454,6042,143296.09000000055,32.172449483610364,4.428075886843297,13.0,inf,123783.0,4337.0,403
2024-05-27,17,4464,6003,136527.06000000064,30.584018817204445,4.198203405017917,12.0,inf,123090.0,3857.0,404
2024-05-27,18,4392,5968,125934.1100000007,28.673522313297063,3.943567850637524,11.0,inf,109058.0,3579.0,405
2024-05-27,19,4318,5769,121145.52000000057,28.05593330245497,3.714173228346463,11.0,inf,89695.0,2634.0,407
2024-05-27,20,3671,4864,117926.62000000016,32.12384091528198,4.615429038409157,12.0,inf,73611.0,2265.0,406
2024-05-27,21,3358,4304,113200.70000000036,33.71075044669457,4.916426444312094,12.0,inf,60890.0,1548.0,410
2024-05-27,22,2544,3247,90863.50000000019,35.716784591195044,5.379150943396223,12.0,inf,47715.0,1176.0,418
2024-05-27,23,2042,2475,87875.00000000016,43.03379040156717,6.819686581782572,15.0,inf,30556.0,756.0,417
2024-05-28,0,1523,1887,72680.11000000009,47.72167432698627,7.923197636244252,15.0,inf,14876.0,407.0,412
2024-05-28,1,899,1169,49072.62999999998,54.58579532814236,9.602347052280308,17.0,inf,6429.0,137.0,395
2024-05-28,2,321,394,13975.16999999999,43.536355140186885,6.992336448598134,14.0,inf,4376.0,133.0,396
2024-05-28,3,168,194,6845.219999999999,40.74535714285714,6.144642857142861,14.0,inf,5911.0,220.0,404
2024-05-28,4,306,301,13027.679999999998,42.57411764705882,7.29140522875817,14.0,inf,17922.0,1148.0,423
2024-05-28,5,748,785,27058.209999999985,36.17407754010693,5.783302139037437,11.0,inf,68464.0,5941.0,428
2024-05-28,6,1814,1861,53586.18000000001,29.54034178610805,4.565865490628444,10.0,inf,154211.0,13364.0,428
2024-05-28,7,3824,4035,107461.28000000026,28.101799163179983,15.272753661087881,12.0,inf,309156.0,22068.0,428
2024-05-28,8,5087,5529,140767.79000000027,27.672064084922404,56.06761942205624,14.0,inf,381646.0,22298.0,428
2024-05-28,9,5052,5804,142755.67000000062,28.257258511480725,3.288638163103726,14.0,inf,234893.0,12603.0,428
2024-05-28,10,5130,6072,150879.16000000082,29.411142300195092,3.3657680311890936,15.0,inf,154664.0,7826.0,426
2024-05-28,11,5364,6599,159772.64999999985,29.786101789709143,3.4384004474272936,15.0,inf,142292.0,6563.0,426
2024-05-28,12,5638,7030,162954.2100000001,28.902839659453726,3.3336803831145883,15.0,inf,150665.0,6956.0,426
2024-05-28,13,6252,7716,184194.9800000015,29.461769033909388,3.495574216250796,15.0,inf,171661.0,7466.0,428
2024-05-28,14,6595,8242,204120.35000000033,30.950773313116045,3.6578059135708876,15.0,inf,216519.0,8105.0,428
2024-05-28,15,6953,8749,215940.7500000011,31.057205522796075,3.6205206385732707,15.0,inf,274621.0,9376.0,428
2024-05-28,16,6635,8362,214406.24000000127,32.314429540316695,3.3727264506405454,14.0,inf,318323.0,10416.0,428
2024-05-28,17,7165,9054,219777.3600000011,30.673741800418853,11.546396371249134,14.0,inf,397554.0,11041.0,428
2024-05-28,18,7383,9313,213267.41000000073,28.886280644724465,2.9335744277393956,13.0,inf,297593.0,8852.0,428
2024-05-28,19,6280,7835,185133.5600000007,29.479866242038327,3.345855095541405,12.0,inf,184306.0,5615.0,428
2024-05-28,20,5813,7306,169063.20000000056,29.083640116979282,5.313091346980901,12.0,inf,138892.0,3990.0,428
2024-05-28,21,6225,8009,178093.4500000002,28.609389558232962,3.620965461847401,12.0,inf,111110.0,2552.0,427
2024-05-28,22,4807,6097,146696.70000000013,30.517308092365326,4.075308924485116,12.0,inf,80072.0,1710.0,423
2024-05-28,23,3150,4074,104031.88000000016,33.0259936507937,4.754285714285715,12.0,inf,46806.0,1078.0,413
2024-05-29,0,1606,2042,61868.09000000004,38.523094645080974,5.964993773349939,13.0,inf,23076.0,561.0,402
2024-05-29,1,650,821,22033.199999999986,33.897230769230745,4.996661538461541,10.0,inf,8551.0,213.0,391
2024-05-29,2,351,427,9415.750000000002,26.82549857549858,3.8489458689458678,9.0,inf,5036.0,127.0,388
2024-05-29,3,234,278,6802.3899999999985,29.07004273504273,4.300256410256411,11.0,inf,6172.0,206.0,395
2024-05-29,4,290,293,10927.960000000005,37.68262068965519,6.304413793103445,15.0,inf,18422.0,1213.0,421
2024-05-29,5,639,671,21043.869999999988,32.932503912363046,5.305837245696398,11.0,inf,69659.0,6001.0,428
2024-05-29,6,1741,1907,50946.30999999996,29.262670878805263,4.321596783457781,10.0,inf,158295.0,13987.0,428
2024-05-29,7,4008,4351,111096.47000000032,27.71868013972064,3.5150074850299373,12.0,inf,317775.0,22517.0,428
2024-05-29,8,5502,5971,140246.5400000005,25.490101781170576,2.7990021810250805,13.0,inf,399283.0,23341.0,428
2024-05-29,9,5616,6343,155277.60999999993,27.649147079772067,2.9657621082621124,15.0,inf,247856.0,13298.0,428
2024-05-29,10,5319,6366,149343.78999999966,28.077418687723192,2.978928369994357,15.0,inf,160843.0,8160.0,428
2024-05-29,11,5836,6993,164429.20000000074,28.174982864976137,2.985253598355043,16.0,inf,146892.0,6985.0,428
2024-05-29,12,6244,7542,183193.37999999966,29.33910634208835,3.0475544522741913,17.0,inf,157798.0,6853.0,428
2024-05-29,13,6134,7470,175810.1000000005,28.661574828823035,3.0442777958917455,16.0,inf,176884.0,7455.0,428
2024-05-29,14,6750,8313,211884.90000000084,31.39035555555568,3.467674074074085,17.0,inf,222833.0,8299.0,428
2024-05-29,15,6777,8465,211010.990000001,31.136342039250554,3.333792238453591,16.0,inf,278989.0,9490.0,428
2024-05-29,16,6760,8486,230202.86000000103,34.05367751479305,3.405204142011831,16.0,inf,326782.0,10478.0,428
2024-05-29,17,7778,9643,250928.33000000136,32.26129210594001,9.69743250192854,16.0,inf,417613.0,11171.0,428
2024-05-29,18,8198,10141,237072.45000000138,28.91832764088819,2.6889119297389583,14.0,inf,311103.0,8965.0,428
2024-05-29,19,7263,8924,211193.41000000143,29.077985680848332,11.481606774060308,13.0,inf,200418.0,5590.0,428
2024-05-29,20,7501,9175,196379.7400000002,26.18047460338624,2.9834582055725907,12.0,inf,155804.0,4062.0,428
2024-05-29,21,11487,12721,288179.78000000125,25.08747105423533,16.117935057020954,11.0,inf,121347.0,2278.0,428
2024-05-29,22,8313,7548,232329.2100000004,27.94769758210037,2.927043185372309,12.0,inf,85403.0,605.0,425
2024-05-29,23,4369,4689,132018.97000000035,30.2172053101397,3.7284184023804148,12.0,inf,47552.0,450.0,409
2024-05-30,0,2118,2632,76528.50000000004,36.13243626062325,5.3000377714825255,13.0,inf,22579.0,543.0,404
2024-05-30,1,1025,1300,37157.53999999996,36.251258536585325,5.505580487804878,12.0,inf,8531.0,190.0,391
2024-05-30,2,504,609,17332.680000000008,34.39023809523811,5.143630952380956,11.0,inf,5179.0,139.0,382
2024-05-30,3,349,404,10455.599999999997,29.95873925501432,9.641432664756449,10.0,inf,6572.0,229.0,396
2024-05-30,4,313,335,12107.339999999997,38.68159744408945,6.012683706070287,12.0,inf,18067.0,1107.0,424
2024-05-30,5,778,810,25737.13,33.08114395886889,5.129845758354756,10.0,inf,68625.0,6074.0,428
2024-05-30,6,1992,2013,57588.08999999995,28.909683734939737,4.394352409638555,10.0,inf,154835.0,13546.0,428
2024-05-30,7,4312,4362,113794.37000000034,26.390160018552955,3.3580449907235606,11.0,inf,311481.0,22496.0,428
2024-05-30,8,5743,5838,146338.3300000004,25.48116489639568,2.838511231063904,13.0,inf,383428.0,22676.0,428
2024-05-30,9,5755,6305,153879.35000000065,26.738375325803762,2.8668566463944476,14.0,inf,243095.0,12644.0,428
2024-05-30,10,5659,6724,161346.00000000044,28.511397773458285,3.090219119985865,15.0,inf,160637.0,7892.0,428
2024-05-30,11,5793,6876,169882.30000000057,29.325444501985253,3.17291731399966,16.0,inf,146234.0,6814.0,428
2024-05-30,12,6383,7631,191129.26999999984,29.943485821713903,3.2643866520444984,16.0,inf,154707.0,6828.0,428
2024-05-30,13,6358,7729,189634.81000000052,29.82617332494503,3.313441333752743,15.0,inf,175421.0,7436.0,428
2024-05-30,14,6959,8400,220028.2800000003,31.617801408248354,3.487278344589744,16.0,inf,221356.0,8077.0,426
2024-05-30,15,7194,8973,223817.75000000108,31.111725048651802,3.4504976369196476,16.0,inf,281716.0,9551.0,425
2024-05-30,16,7286,8876,241338.73000000085,33.12362475981346,3.314404337084823,15.0,inf,329456.0,10801.0,428
2024-05-30,17,8466,10156,265544.7400000006,31.36602173399487,3.069509803921569,15.0,inf,410808.0,11309.0,427
2024-05-30,18,8713,10200,255509.8500000014,29.325129117410928,2.8328623895329006,14.0,inf,308072.0,9151.0,428
2024-05-30,19,7615,9473,223768.83000000138,29.38526986211443,3.034488509520685,13.0,inf,199040.0,5922.0,428
2024-05-30,20,7072,8771,200073.08000000057,28.290876696832658,3.3146464932126714,13.0,inf,150688.0,4109.0,428
2024-05-30,21,7836,9809,217208.9500000002,27.71936574783055,3.2796860643185317,13.0,inf,123793.0,2640.0,427
2024-05-30,22,7226,8425,196747.4300000003,27.227709659562734,3.3086050373650746,13.0,inf,91575.0,1973.0,423
2024-05-30,23,6305,6963,180207.06999999998,28.581613005551148,3.6302616970658153,13.0,inf,61725.0,1177.0,414
2024-05-31,0,3347,3874,91794.89000000035,27.426020316701628,3.5901882282641107,11.0,inf,29121.0,596.0,410
2024-05-31,1,1621,2091,43876.56999999997,27.06759407772978,3.6024922887106747,10.0,inf,11333.0,242.0,404
2024-05-31,2,951,1245,24482.010000000006,25.743438485804422,3.207287066246057,9.0,inf,6663.0,143.0,395
2024-05-31,3,601,729,17043.979999999996,28.359367720465883,3.3715307820299487,9.0,inf,7088.0,229.0,399
2024-05-31,4,466,500,16027.23999999999,34.39321888412015,5.220836909871246,12.0,inf,18199.0,1111.0,422
2024-05-31,5,689,729,26879.739999999976,39.012685050798225,6.056487663280113,12.0,inf,66417.0,5584.0,428
2024-05-31,6,1663,1758,53463.23999999999,32.148671076368004,4.951034275405884,11.0,inf,143383.0,12573.0,428
2024-05-31,7,3546,3759,99791.98000000016,28.14212633953755,23.73353637901848,12.0,inf,267171.0,20006.0,428
2024-05-31,8,4518,4971,118426.29000000042,26.21210491367871,11.637293050022166,12.0,inf,283947.0,18342.0,428
2024-05-31,9,4766,5564,132512.64000000028,27.803743180864515,3.229160721779273,13.0,inf,192529.0,11141.0,428
2024-05-31,10,4987,5905,139545.0100000006,27.981754561860956,15.09828955283738,14.0,inf,150435.0,7900.0,428
2024-05-31,11,5507,6692,156015.98000000042,28.33048483747965,3.2614980933357582,15.0,inf,145997.0,6755.0,428
2024-05-31,12,5864,7075,165192.41000000134,28.170601978172126,3.2833287858117406,14.0,inf,160269.0,6982.0,428
2024-05-31,13,6235,7622,183928.6600000009,29.49938412189269,3.567473937449875,14.0,inf,187957.0,7644.0,428
2024-05-31,14,7000,8665,213781.40000000107,30.54020000000015,3.5470957142857,14.0,inf,237581.0,8462.0,428
2024-05-31,15,7205,8795,220651.67000000112,30.62479805690508,3.4747036780013842,15.0,inf,289041.0,9730.0,428
2024-05-31,16,7321,8907,242380.10000000143,33.10751263488614,3.427257205299818,15.0,inf,308864.0,10671.0,428
2024-05-31,17,7899,9427,239864.00000000178,30.36637549056865,2.9777706038739074,14.0,inf,327827.0,10608.0,428
2024-05-31,18,8069,9682,230771.26000000082,28.599734787458274,2.8953922419134903,13.0,inf,266807.0,8916.0,428
2024-05-31,19,7031,8861,202153.98000000106,28.751810553264267,3.1078694353576966,12.0,inf,189420.0,6134.0,428
2024-05-31,20,5827,7807,159399.52000000016,27.355332074824123,3.269541788227224,12.0,inf,143928.0,4257.0,428
2024-05-31,21,6187,8518,171151.58000000054,27.663096815904403,3.2668627767900467,13.0,inf,126061.0,2870.0,428
2024-05-31,22,7097,9476,190253.61000000025,26.807610257855465,3.1196984641397885,13.0,inf,110585.0,2194.0,428
2024-05-31,23,6851,8184,190810.42000000106,27.851469858414983,3.386038534520513,13.0,inf,71880.0,1216.0,427
2024-06-01,0,6115,6936,165242.72000000003,27.02252166802944,3.2353622240392492,12.0,inf,41936.0,778.0,411
2024-06-01,1,5043,6071,124774.81999999999,24.742181241324605,2.9739678762641244,11.0,inf,19126.0,355.0,400
2024-06-01,2,3421,4242,77201.08999999988,22.566819643379095,2.5627068108740123,10.0,inf,10526.0,209.0,390
2024-06-01,3,1994,2564,47526.69,23.834849548645938,2.9197392176529564,10.0,inf,8130.0,173.0,392
2024-06-01,4,1160,1242,32785.859999999986,28.263672413793092,3.9413017241379302,10.0,inf,11473.0,363.0,395
2024-06-01,5,535,625,19602.379999999997,36.63996261682242,109.41999999999999,11.0,inf,24316.0,1247.0,403
2024-06-01,6,1001,1110,35219.40999999995,35.18422577422573,5.468611388611397,11.0,inf,48141.0,2932.0,405
2024-06-01,7,1636,1819,49530.34999999991,30.27527506112464,4.479822738386307,10.0,inf,72012.0,4461.0,404
2024-06-01,8,2469,2841,65245.649999999805,26.425941676792146,3.6421911705143835,10.0,inf,90513.0,4973.0,407
2024-06-01,9,3891,4510,99431.61000000025,25.55425597532774,3.3155050115651505,10.0,inf,108208.0,5313.0,408
2024-06-01,10,5004,6104,124220.74000000046,24.824288569144777,3.029838129496402,11.0,inf,122678.0,5289.0,403
2024-06-01,11,5857,7186,151310.12000000046,25.83406522110303,13.001297592624221,12.0,inf,136845.0,5898.0,404
2024-06-01,12,6634,7781,172616.35000000073,26.019950256255765,12.494645764244806,13.0,inf,155529.0,6683.0,404
2024-06-01,13,7267,8833,199193.71000000072,27.410721067841024,3.2339438557864395,14.0,inf,172245.0,6958.0,406
2024-06-01,14,7471,9062,203891.26000000007,27.29102663632714,3.1792370499263964,13.0,inf,180180.0,7117.0,403
2024-06-01,15,7647,9302,219825.39000000106,28.74661828167923,26.51174839806459,14.0,inf,181696.0,6698.0,402
2024-06-01,16,7702,9624,211398.60000000114,27.447234484549615,3.2155089587120242,13.0,inf,183050.0,6341.0,400
2024-06-01,17,8216,10076,218998.7000000007,26.65514849074984,3.030793573515086,14.0,inf,186760.0,6310.0,404
2024-06-01,18,8861,10599,234862.94000000108,26.50524094346023,3.0738483241169186,14.0,inf,173931.0,5763.0,401
2024-06-01,19,8328,10182,217426.58000000092,26.1078986551394,3.0130079250720496,13.0,inf,151643.0,4756.0,402
2024-06-01,20,6322,8232,172725.79000000068,27.32138405567869,3.1456026573868985,13.0,inf,118904.0,3703.0,404
2024-06-01,21,6206,8348,173436.05999999976,27.946513051885233,3.259937157589432,13.0,inf,103757.0,2773.0,403
2024-06-01,22,7571,9572,216204.31000000052,28.556902654867326,3.328389908862761,14.0,inf,101322.0,2143.0,398
2024-06-01,23,7826,8729,226035.50000000073,28.882634807053506,3.3905456171735264,15.0,inf,72384.0,1413.0,398
2024-06-02,0,6682,7356,182403.90000000037,27.29780005986237,11.840130200538756,13.0,inf,38542.0,727.0,400
2024-06-02,1,5493,5898,136197.57,24.794751501911524,2.9255361369015134,12.0,inf,19785.0,310.0,388
2024-06-02,2,3877,4291,89433.76000000007,23.06777405210216,2.700642249161726,11.0,inf,11511.0,157.0,389
2024-06-02,3,2485,2894,60102.50999999991,24.18612072434604,2.9805311871227347,10.0,inf,7904.0,114.0,381
2024-06-02,4,1423,1432,40244.90999999996,28.281735769501026,4.147870695713283,11.0,inf,9862.0,257.0,390
2024-06-02,5,715,756,28985.590000000004,40.53928671328672,6.351748251748251,13.0,inf,17625.0,805.0,401
2024-06-02,6,993,1064,38106.19999999995,38.37482376636451,6.364501510574016,12.0,inf,32712.0,1735.0,402
2024-06-02,7,1366,1565,46488.12999999997,34.03230600292824,5.213550512445101,11.0,inf,48121.0,2570.0,401
2024-06-02,8,2135,2529,68222.92000000003,31.954529274004695,4.604393442622954,11.0,inf,65362.0,3342.0,403
2024-06-02,9,3541,4206,99429.53000000003,28.079505789325058,3.858856255295116,11.0,inf,87131.0,3999.0,403
2024-06-02,10,4780,5846,132379.22000000055,27.694397489539863,33.64691841004182,12.0,inf,107073.0,4401.0,402
2024-06-02,11,5438,6490,158742.48000000042,29.191335049650682,3.5757226921662393,13.0,inf,122012.0,4770.0,401
2024-06-02,12,5938,6991,178703.02,30.09481643651061,3.5958184573930625,15.0,inf,138190.0,5416.0,403
2024-06-02,13,6208,7516,202625.95000000016,32.639489368556724,3.994951675257737,16.0,inf,149677.0,5884.0,402
2024-06-02,14,6613,8297,219347.14999999976,33.16908362316646,4.02517163163466,17.0,inf,158597.0,5733.0,406
2024-06-02,15,6560,8218,218528.3700000008,33.31225152439037,4.0399451219512255,17.0,inf,161827.0,5570.0,404
2024-06-02,16,6302,7937,211610.11000000042,33.57824658838471,4.0647302443668725,17.0,inf,163453.0,5171.0,401
2024-06-02,17,6611,8375,201526.81000000087,30.483559219482814,3.6845620934805674,15.0,inf,153828.0,4765.0,403
2024-06-02,18,6444,8133,196555.53000000038,30.50209962756058,3.81584419615147,14.0,inf,135598.0,4039.0,405
2024-06-02,19,5445,7085,165187.22000000032,30.3374141414142,4.0126923783287465,13.0,inf,109300.0,3259.0,402
2024-06-02,20,4799,6157,149790.86000000045,31.212931860804428,4.06102521358617,12.0,inf,91796.0,2744.0,402
2024-06-02,21,4955,6302,171432.00000000044,34.59778002018172,4.88535822401614,14.0,inf,79900.0,2042.0,403
2024-06-02,22,3673,4355,126251.10000000044,34.37274707323726,4.938164987748434,13.0,inf,60450.0,1391.0,400
2024-06-02,23,2513,3043,96164.19000000002,38.26668921607641,59.48327894946281,13.0,inf,35910.0,840.0,395
2024-06-03,0,1539,1868,63910.920000000006,41.52756335282651,6.58441195581546,15.0,inf,17699.0,446.0,394
2024-06-03,1,555,705,18950.93999999999,34.145837837837824,5.363261261261261,11.0,inf,7661.0,138.0,385
2024-06-03,2,343,418,11337.760000000002,33.054693877551024,5.014723032069971,10.0,inf,4957.0,111.0,389
2024-06-03,3,216,243,7186.609999999998,33.27134259259258,5.123194444444445,12.0,inf,6004.0,200.0,388
2024-06-03,4,319,289,12253.259999999997,38.411473354231966,6.283009404388712,13.0,inf,17997.0,1110.0,420
2024-06-03,5,781,820,29680.479999999978,38.00317541613313,6.259513444302172,12.0,inf,67030.0,5817.0,428
2024-06-03,6,1882,1845,58284.31999999998,30.96935175345376,4.943390010626992,11.0,inf,150964.0,12989.0,428
2024-06-03,7,4069,4163,110209.92000000045,27.085259277463862,3.573585647579257,12.0,inf,302917.0,21678.0,428
2024-06-03,8,5412,5670,148456.70000000048,27.43102365114569,3.3180912786400603,13.0,inf,356786.0,21504.0,428
2024-06-03,9,5327,5919,152501.9500000004,28.628111507415127,17.243788248545158,14.0,inf,213239.0,11810.0,428
2024-06-03,10,5347,6376,157498.03000000026,29.455401159528755,3.482195623714228,15.0,inf,145461.0,7684.0,428
2024-06-03,11,5636,6758,169286.50000000047,30.036639460610445,3.499135911994327,15.0,inf,135302.0,6692.0,428
2024-06-03,12,5853,6967,168661.7500000004,28.816290791047397,13.9904083376046,14.0,inf,144237.0,6477.0,428
2024-06-03,13,6131,7346,183379.46000000127,29.910203881911805,9.829505790246277,14.0,inf,164629.0,7075.0,428
2024-06-03,14,6932,8373,215034.0000000012,31.02048470859798,3.660435660703983,15.0,inf,206499.0,7629.0,428
2024-06-03,15,7026,8678,210720.55000000136,29.99153857102211,3.574385140905209,14.0,inf,265193.0,9215.0,428
2024-06-03,16,6964,8410,225428.62000000113,32.37056576680085,3.4783788052843203,14.0,inf,304810.0,10416.0,428
2024-06-03,17,7786,9285,237368.5600000022,30.486586180323943,16.25854225533011,13.0,inf,369102.0,10586.0,427
2024-06-03,18,8186,9737,228870.56000000064,27.95877840215009,2.8851013926215523,12.0,inf,273209.0,8047.0,428
2024-06-03,19,6522,7955,193403.13000000134,29.653960441582544,3.384348359398961,12.0,inf,172424.0,5093.0,428
2024-06-03,20,6127,7314,173525.20000000033,28.321397094826235,3.51824547086665,12.0,inf,128362.0,3704.0,428
2024-06-03,21,6120,7346,166203.50000000017,27.157434640522904,8.90080882352942,11.0,inf,97728.0,2283.0,428
2024-06-03,22,5534,6401,165705.10000000062,29.943097217202858,4.076526924466935,12.0,inf,71196.0,1315.0,424
2024-06-03,23,3229,3612,105263.95,32.59955094456488,4.803236296066907,12.0,inf,42531.0,409.0,421
2024-06-04,0,1559,1894,58113.97000000003,37.27644002565749,5.727241821680556,12.0,inf,22063.0,555.0,417
2024-06-04,1,631,815,20292.800000000003,32.15974643423138,4.65575277337559,10.0,inf,8097.0,207.0,408
2024-06-04,2,303,367,8007.7499999999945,26.42821782178216,3.5145874587458756,9.0,inf,5270.0,120.0,403
2024-06-04,3,164,210,5434.430000000005,33.13676829268296,4.725853658536587,10.0,inf,6438.0,219.0,410
2024-06-04,4,275,307,9995.750000000002,36.34818181818182,5.780472727272727,13.0,20.643930694031074,18675.0,1167.0,424
2024-06-04,5,755,799,25372.459999999963,33.605907284768165,5.513721854304639,11.0,inf,70180.0,6114.0,428
2024-06-04,6,1931,2054,57245.56999999999,29.645556706369753,10.674510616260998,10.0,inf,155179.0,13466.0,428
2024-06-04,7,4233,4415,111997.92000000036,26.45828490432326,26.789033782187555,12.0,inf,302557.0,21826.0,428
2024-06-04,8,5789,6019,155596.76000000033,26.878003109345368,2.9763637934012785,14.0,inf,402772.0,23201.0,428
2024-06-04,9,6036,6593,168167.43000000043,27.86074055666011,3.048427766732939,15.0,inf,248247.0,13243.0,428
2024-06-04,10,6074,7005,178276.02000000022,29.350678300954925,23.879832071122838,15.0,inf,161123.0,8468.0,428
2024-06-04,11,6125,7107,172285.63000000108,28.128266122449155,2.9993224489795973,15.0,inf,151533.0,7305.0,428
2024-06-04,12,6630,7743,196201.18000000104,29.592938159879495,3.186250377073893,16.0,inf,160625.0,7426.0,428
2024-06-04,13,6886,8189,210780.20000000103,30.60996224223076,11.801789137380172,16.0,inf,175883.0,7868.0,428
2024-06-04,14,7419,8809,225761.19000000096,30.43013748483636,15.056584445343033,16.0,inf,210228.0,8117.0,428
2024-06-04,15,7566,9179,227802.4800000004,30.10870737509918,3.284694686756536,16.0,inf,265749.0,9536.0,428
2024-06-04,16,7824,9405,261771.63000000094,33.45751917177926,7.330746421267892,16.0,inf,326682.0,10569.0,428
2024-06-04,17,8666,9997,266767.9400000015,30.783284098777003,2.8357015924301923,16.0,inf,429465.0,11198.0,428
2024-06-04,18,9097,10600,263261.0300000012,28.939323952951653,2.72365395185226,14.0,inf,317688.0,8934.0,428
2024-06-04,19,7680,9217,225204.15000000066,29.323457031250086,3.2021380208333396,13.0,inf,192474.0,5235.0,428
2024-06-04,20,7249,8595,197002.450000001,27.17650020692523,3.3104069526831217,12.0,inf,145425.0,3824.0,428
2024-06-04,21,8334,9304,222230.30000000066,26.665502759779297,3.187155027597785,13.0,inf,126087.0,2420.0,428
2024-06-04,22,7176,7777,198764.1800000005,27.69846432552961,3.4179375696767087,13.0,inf,87357.0,1711.0,425
2024-06-04,23,4429,4783,128042.34999999995,28.90999096861593,3.809216527432832,12.0,inf,48344.0,995.0,423
2024-06-05,0,1989,2416,61872.17000000007,31.107174459527435,4.343589743589744,11.0,inf,23664.0,479.0,424
2024-06-05,1,823,1028,24860.77999999999,30.207509113001205,4.1842162818955035,10.0,inf,8808.0,205.0,414
2024-06-05,2,421,540,12946.860000000002,30.752636579572453,4.063657957244652,10.0,inf,5452.0,123.0,405
2024-06-05,3,256,339,8241.619999999997,32.19382812499999,4.400625,10.0,17.78792723651419,6561.0,229.0,413
2024-06-05,4,277,272,9951.789999999999,35.927039711191334,5.836028880866426,13.0,inf,18704.0,1169.0,424
2024-06-05,5,715,726,25669.53999999999,35.901454545454534,5.639776223776218,11.0,inf,70187.0,6140.0,428
2024-06-05,6,2061,2096,58633.33,28.448971373119846,4.257147016011646,10.0,inf,157725.0,13676.0,428
2024-06-05,7,4544,4558,115946.07000000033,25.516300616197256,3.176241197183105,11.0,inf,317084.0,22812.0,428
2024-06-05,8,6337,6430,169671.9100000004,26.77480037872817,2.9700394508442423,14.0,inf,408639.0,24162.0,428
2024-06-05,9,6129,6624,168635.36000000004,27.51433512807963,2.925519660629793,15.0,inf,252632.0,13441.0,428
2024-06-05,10,6091,6998,168230.06000000043,27.619448366442363,2.8174946642587453,15.0,inf,163317.0,8362.0,428
2024-06-05,11,6464,7467,186462.37000000032,28.84628248762381,3.0112917698019843,16.0,inf,149022.0,6945.0,428
2024-06-05,12,6831,8064,192683.89000000086,28.20727419118736,2.918320890060018,15.0,inf,159468.0,7015.0,428
2024-06-05,13,7032,8233,213202.32000000047,30.318873720136587,3.2668131399317373,16.0,inf,180064.0,7621.0,428
2024-06-05,14,7551,8817,230586.66000000067,30.537234803337395,20.012182492385143,16.0,inf,221915.0,8133.0,428
2024-06-05,15,7776,9225,237807.3400000005,30.582219650205825,3.2692541152263384,16.0,inf,277651.0,9473.0,428
2024-06-05,16,7893,9448,257241.18000000055,32.591052831623024,3.17127201317623,15.0,inf,334818.0,10877.0,428
2024-06-05,17,9049,10294,276653.6500000014,30.572842303017065,2.7977246104542077,15.0,inf,431263.0,11287.0,428
2024-06-05,18,9992,11306,287975.61000000115,28.82061749399531,2.645305244195352,14.0,inf,316266.0,9023.0,428
2024-06-05,19,8601,10045,247664.63000000126,28.794864550633793,2.899346587606097,13.0,inf,192772.0,5543.0,428
2024-06-05,20,8066,9294,216204.66000000024,26.804445821968788,3.0881229853706818,13.0,inf,144800.0,3696.0,428
2024-06-05,21,9001,9948,239004.91000000018,26.553150761026572,21.079010109987802,13.0,inf,122604.0,2519.0,427
2024-06-05,22,8496,8854,236579.1600000006,27.845946327683684,3.4777106873823067,13.0,inf,94075.0,1682.0,427
2024-06-05,23,5562,5675,161861.37000000023,29.10128910463866,3.762500898957208,13.0,inf,52002.0,1035.0,424
2024-06-06,0,2954,3406,93650.58000000012,31.702972241029155,4.373053486797577,12.0,inf,26042.0,549.0,416
2024-06-06,1,1492,1860,52330.900000000074,35.07432975871318,5.253284182305638,12.0,inf,9769.0,221.0,401
2024-06-06,2,612,760,19838.119999999988,32.41522875816992,4.346601307189545,11.0,inf,5671.0,113.0,400
2024-06-06,3,371,423,10451.629999999994,28.171509433962246,3.840619946091644,11.0,inf,6904.0,207.0,413
2024-06-06,4,387,343,13836.989999999993,35.754496124030986,5.756640826873387,13.0,inf,17538.0,1072.0,419
2024-06-06,5,956,848,30673.499999999978,32.08525104602508,4.964665271966526,10.0,inf,64428.0,5330.0,428
2024-06-06,6,2209,2079,67450.12000000004,30.53423268447263,4.67850611136261,11.0,inf,139243.0,11997.0,428
2024-06-06,7,4588,4597,120702.11000000061,26.308219267654884,12.780268090671312,11.0,inf,259011.0,19192.0,428
2024-06-06,8,6163,6059,162646.6800000005,26.39082914165187,2.9883968846341107,13.0,inf,353941.0,20817.0,428
2024-06-06,9,6265,6635,172751.44000000076,27.57405267358352,9.510229848363933,15.0,inf,239097.0,12643.0,428
2024-06-06,10,6399,7211,185712.97000000085,29.022186279106243,3.047369901547112,15.0,inf,161584.0,8209.0,428
2024-06-06,11,6806,7707,196886.56000000087,28.92838084043504,3.0330120481927723,16.0,inf,148885.0,6802.0,428
2024-06-06,12,7014,8118,204137.86999999973,29.10434416880521,3.085280866837741,16.0,inf,157602.0,6974.0,428
2024-06-06,13,7205,8415,218194.32000000062,30.283736294240196,3.3103372657876426,16.0,inf,173047.0,7541.0,428
2024-06-06,14,8822,10198,269803.20000000164,30.582997052822677,8.289801632282952,16.0,inf,202318.0,7909.0,428
2024-06-06,15,9269,10528,293955.6300000009,31.713845074981215,3.246668464775053,17.0,inf,258700.0,8979.0,428
2024-06-06,16,8813,9771,289275.2800000017,32.82370135027819,3.0041994780438017,16.0,inf,308029.0,9978.0,428
2024-06-06,17,9623,10741,310674.53000000055,32.284581731268894,3.051660604800996,16.0,inf,388293.0,10557.0,428
2024-06-06,18,10281,11260,314421.3000000007,30.5827545958565,2.845348701488184,15.0,inf,294835.0,8215.0,428
2024-06-06,19,8382,9715,245398.9200000011,29.276893342877724,2.882774994034832,14.0,inf,188212.0,5221.0,428
2024-06-06,20,7822,9189,223078.20000000042,28.519330094605014,3.219809511633854,14.0,inf,144515.0,3926.0,428
2024-06-06,21,8954,10184,241611.31000000052,26.983617377708345,2.9359816841634983,14.0,inf,124652.0,2681.0,428
2024-06-06,22,7933,8914,226738.77000000078,28.58171813941772,3.697966721290814,14.0,inf,93111.0,1762.0,428
2024-06-06,23,6408,6854,191736.75000000064,29.921465355805342,3.822780898876403,14.0,inf,63169.0,1031.0,426
2024-06-07,0,3880,4278,116413.05999999998,30.00336597938144,4.070319587628863,12.0,inf,30568.0,552.0,421
2024-06-07,1,2000,2554,55723.97999999999,27.861989999999995,3.590914999999991,10.0,inf,11881.0,230.0,415
2024-06-07,2,1112,1428,29675.869999999963,26.686933453237376,3.316393884892087,9.0,inf,6999.0,128.0,411
2024-06-07,3,649,802,17106.590000000004,26.358382126348236,3.5931124807395984,10.0,inf,7376.0,233.0,416
2024-06-07,4,604,556,19242.80999999999,31.85895695364237,245.68400662251642,11.0,inf,18236.0,1051.0,424
2024-06-07,5,914,847,36814.73999999996,40.27870897155357,6.567045951859961,12.0,inf,65162.0,5515.0,428
2024-06-07,6,1887,1835,58178.739999999976,30.83134075251721,4.658680445151031,10.0,inf,139059.0,12036.0,428
2024-06-07,7,3681,3697,102165.2200000002,27.75474599293676,3.707052431404514,11.0,inf,251662.0,19725.0,428
2024-06-07,8,4908,5157,130470.01000000037,26.583131621841968,3.250484922575385,12.0,inf,276243.0,17933.0,428
2024-06-07,9,5305,5771,142672.44000000064,26.893956644674955,3.2463619227144176,13.0,inf,193896.0,10787.0,428
2024-06-07,10,5751,6581,165290.64000000013,28.74119979134066,3.3847383063814998,14.0,inf,152865.0,7691.0,428
2024-06-07,11,6391,7440,179682.2500000005,28.114888123924345,3.271392583320289,14.0,inf,150786.0,6989.0,428
2024-06-07,12,6712,7662,182295.0900000001,27.159578367103713,3.1001921930870107,14.0,inf,166889.0,7165.0,428
2024-06-07,13,6963,8125,195065.96000000043,28.01464311360052,3.276689645267852,13.0,inf,191869.0,7635.0,428
2024-06-07,14,7755,8976,231082.65000000017,29.797891682785323,3.397414571244362,14.0,inf,238543.0,8819.0,428
2024-06-07,15,8320,9690,248056.2800000012,29.814456730769376,10.258092548076933,15.0,inf,294288.0,9839.0,428
2024-06-07,16,8253,9620,264756.6500000011,32.08004967890477,8.705676723615664,14.0,inf,318497.0,10827.0,428
2024-06-07,17,8673,9789,252166.12000000116,29.074843768015814,2.9461800991583016,14.0,inf,333979.0,10541.0,428
2024-06-07,18,9059,10208,254461.35000000132,28.089342090738636,2.8463594215697086,13.0,inf,264845.0,8512.0,428
2024-06-07,19,7990,9569,225091.84000000102,28.17169461827297,2.982979974968716,13.0,inf,194420.0,5957.0,428
2024-06-07,20,6137,7714,168021.82000000036,27.37849437836082,3.1820938569333452,13.0,inf,148953.0,4187.0,428
2024-06-07,21,6845,8952,188665.4100000006,27.56251424397379,3.2448590211833435,13.0,inf,134004.0,3069.0,428
2024-06-07,22,7480,9599,206077.05000000048,27.55040775401076,3.2794371657753896,13.0,inf,132457.0,2166.0,423
2024-06-07,23,8312,8995,232944.48000000106,28.025081809432272,3.4386501443695705,14.0,inf,81995.0,1496.0,418
2024-06-08,0,6457,7072,167011.0100000009,25.865109183831642,3.0761483661142837,12.0,inf,46980.0,844.0,413
2024-06-08,1,4823,5742,114661.74000000027,23.7739456769646,2.701011818370304,11.0,inf,21982.0,386.0,411
2024-06-08,2,3602,4274,85234.89000000014,23.663212104386492,2.7837562465297037,11.0,inf,12608.0,184.0,406
2024-06-08,3,2235,2493,53125.209999999934,23.7696689038031,2.9266711409395967,10.0,inf,8908.0,187.0,409
2024-06-08,4,1296,1219,35518.389999999985,27.406165123456777,3.914436728395064,11.0,inf,12392.0,338.0,409
2024-06-08,5,620,661,23685.319999999992,38.20212903225805,5.872241935483866,11.0,inf,25387.0,1331.0,413
2024-06-08,6,1019,1112,36974.70999999997,36.2852894995093,5.736967615309124,11.0,inf,50054.0,2831.0,418
2024-06-08,7,1844,1887,55447.67999999994,30.06924078091103,53.68291214750548,11.0,inf,73778.0,4516.0,418
2024-06-08,8,2832,3010,77494.84,27.363997175141243,3.877284604519784,11.0,inf,92389.0,5120.0,416
2024-06-08,9,4066,4276,102956.16000000024,25.321239547466856,3.3288809640924732,12.0,inf,112739.0,5322.0,416
2024-06-08,10,5220,5901,133258.94000000047,25.528532567049897,3.2456896551724124,12.0,inf,132834.0,5356.0,413
2024-06-08,11,6069,7105,159431.40000000107,26.269797330697163,3.2073109243697577,13.0,inf,150196.0,6033.0,414
2024-06-08,12,6773,7830,176378.9000000006,26.041473497711593,3.0097814853093117,13.0,inf,170451.0,6822.0,416
2024-06-08,13,7072,8386,197051.4799999997,27.86361425339362,3.2904044117647033,14.0,inf,184398.0,7037.0,417
2024-06-08,14,7026,8303,195352.77000000115,27.804265584970274,4.168720466837468,13.0,inf,191691.0,6947.0,416
2024-06-08,15,7438,8979,203847.00000000137,27.406157569239227,8.82293761763914,13.0,inf,205502.0,7158.0,413
2024-06-08,16,8039,9620,222874.4600000013,27.72415225774366,3.3244010449060757,14.0,inf,206166.0,6590.0,413
2024-06-08,17,8480,9993,226485.97000000125,26.70825117924543,3.1547629716981156,13.0,inf,201717.0,6170.0,414
2024-06-08,18,8530,10049,218281.2500000011,25.58983001172346,2.9313540445486574,13.0,inf,185508.0,5623.0,413
2024-06-08,19,8091,10084,208994.53000000154,25.830494376467872,3.03421950315165,13.0,inf,154304.0,4698.0,412
2024-06-08,20,5904,7647,153413.2200000001,25.98462398373985,2.9992970867208744,13.0,inf,127417.0,3665.0,409
2024-06-08,21,6415,8420,173379.53999999978,27.027208106001524,14.736715510522224,13.0,inf,120171.0,2804.0,412
2024-06-08,22,7750,9420,214955.58000000048,27.736203870967802,16.618308387096754,14.0,inf,126170.0,2141.0,409
2024-06-08,23,8040,8546,237917.18000000043,29.591689054726423,3.4011156716417887,15.0,inf,88556.0,1429.0,408
2024-06-09,0,6187,6509,178728.73999999996,28.8877872959431,3.1971310812994966,15.0,inf,47728.0,229.0,408
2024-06-09,1,4889,5320,125158.29000000015,25.599977500511383,17.314340355901003,13.0,inf,23361.0,120.0,403
2024-06-09,2,3605,4098,85362.16000000009,23.67882385575592,2.7961608876560327,11.0,inf,12898.0,66.0,393
2024-06-09,3,2470,2856,60767.810000000034,24.60235222672066,32.52908097165989,11.0,inf,8843.0,56.0,407
2024-06-09,4,1440,1529,41318.19999999999,28.693194444444437,4.141062499999997,11.0,inf,10620.0,124.0,402
2024-06-09,5,716,686,28739.39,40.13881284916201,6.516061452513966,13.5,inf,18239.0,424.0,410
2024-06-09,6,1029,1012,40799.76999999998,39.649922254616115,6.5288435374149705,12.0,inf,32918.0,842.0,413
2024-06-09,7,1643,1576,55245.88999999993,33.62500912964086,5.377723676202076,11.0,inf,48111.0,1255.0,414
2024-06-09,8,2416,2579,76705.71999999996,31.749056291390712,16.584884105960306,11.0,inf,66994.0,1640.0,411
2024-06-09,9,3860,4044,107310.41000000019,27.800624352331656,14.149018134715016,11.0,inf,88129.0,1703.0,413
2024-06-09,10,4798,5097,130134.7800000002,27.122713630679492,3.7427615673197168,12.0,inf,105021.0,1503.0,414
2024-06-09,11,5329,5806,148288.8500000001,27.82676862450743,3.5931544379808638,12.0,inf,118362.0,1529.0,411
2024-06-09,12,5630,6266,168067.44000000085,29.85212078152768,3.919108348134989,14.0,inf,136806.0,1613.0,413
2024-06-09,13,6116,7072,194595.56000000075,31.817455853499144,4.133593852190966,14.0,inf,154029.0,1821.0,410
2024-06-09,14,6451,7534,211715.40000000093,32.819004805456665,13.520830878933499,16.0,inf,164458.0,1896.0,414
2024-06-09,15,6295,7306,215250.98000000117,34.19396028594141,12.622460683081798,16.0,inf,164889.0,1771.0,409
2024-06-09,16,6353,7590,217796.60000000102,34.28248071777129,13.085790964898468,16.0,inf,165893.0,1589.0,416
2024-06-09,17,6568,7721,198811.34000000037,30.26969244823392,3.7654186967113326,14.0,inf,167686.0,1604.0,411
2024-06-09,18,6579,7866,190789.97000000032,28.99984344125252,3.632073263413899,13.0,inf,145045.0,1239.0,409
2024-06-09,19,5315,6675,158191.98000000088,29.76330761994372,4.035446848541865,12.0,inf,116747.0,1097.0,410
2024-06-09,20,4731,6161,152591.75000000017,32.25359332065106,4.317679137603041,12.0,inf,97108.0,950.0,413
2024-06-09,21,4812,6006,157963.92000000022,32.827082294264386,4.583507896924357,13.0,inf,93790.0,739.0,412
2024-06-09,22,4286,4728,150089.44000000024,35.0185347643491,5.129419038730742,14.0,inf,91055.0,453.0,418
2024-06-09,23,3188,3505,119329.6500000002,37.430881430363925,5.685423462986197,14.0,inf,41291.0,328.0,410
2024-06-10,0,1545,1756,56864.960000000036,36.80579935275083,5.767359223300977,13.0,inf,20106.0,411.0,409
2024-06-10,1,632,801,20585.84000000001,32.57253164556964,4.880063291139237,10.0,inf,8442.0,153.0,400
2024-06-10,2,329,409,9562.849999999999,29.06641337386018,4.026960486322187,10.0,17.350565973008774,5352.0,126.0,398
2024-06-10,3,286,294,10293.029999999999,35.989615384615384,5.726083916083915,13.0,inf,6440.0,218.0,404
2024-06-10,4,463,421,19505.27000000001,42.12801295896331,6.660172786177106,14.0,inf,18556.0,1092.0,424
2024-06-10,5,884,831,33068.16999999996,37.40743212669679,5.977771493212668,11.0,inf,67648.0,5805.0,428
2024-06-10,6,2148,1929,70229.64000000006,32.69536312849165,5.2270391061452495,11.0,inf,150074.0,12814.0,428
2024-06-10,7,4000,3882,116338.25000000015,29.084562500000036,3.9693925000000068,12.0,inf,297625.0,21326.0,428
2024-06-10,8,5516,5452,150896.33000000077,27.356114938361273,3.234517766497469,13.0,inf,353779.0,21390.0,428
2024-06-10,9,5157,5631,145441.5700000002,28.202747721543574,26.57866201279814,14.0,inf,214899.0,11746.0,428
2024-06-10,10,5340,6251,154549.44999999998,28.941844569288385,57.24805056179777,14.0,inf,147501.0,7631.0,428
2024-06-10,11,5437,6412,155172.4100000004,28.54007908773228,3.2551554165900205,15.0,inf,138056.0,6620.0,428
2024-06-10,12,5671,7183,169691.39000000042,29.92265737965093,3.4533133486157577,14.0,inf,146681.0,6582.0,428
2024-06-10,13,5827,7469,174449.63000000047,29.938155139866222,3.5762828213489004,14.0,inf,167074.0,7188.0,428
2024-06-10,14,6426,8189,195705.24000000118,30.45521942110196,3.615888577653285,14.0,inf,207608.0,7709.0,428
2024-06-10,15,6572,8482,202098.51000000068,30.751447048082877,3.7214926962872847,14.0,inf,266491.0,9106.0,428
2024-06-10,16,6638,8254,217083.13000000134,32.70309279903606,3.573404639951793,13.0,inf,305894.0,10249.0,428
2024-06-10,17,7260,8770,225314.47000000085,31.035050964187445,3.3746253443526166,13.0,inf,370363.0,10478.0,428
2024-06-10,18,7225,9126,209987.08000000112,29.063955709342714,11.040934256055376,12.0,inf,274504.0,7780.0,428
2024-06-10,19,6535,8185,189784.7700000007,29.041280795715483,3.342786534047439,11.0,inf,175134.0,5108.0,428
2024-06-10,20,5876,7340,167281.87000000087,28.468664057181904,3.616628658951674,11.0,inf,129298.0,3533.0,428
2024-06-10,21,5960,7384,165250.20000000083,27.726543624161213,3.45704194630873,12.0,inf,99774.0,2314.0,428
2024-06-10,22,5171,5958,148594.1000000002,28.736047186230945,3.788025526977377,12.0,inf,74545.0,1605.0,425
2024-06-10,23,3150,3604,109780.03000000001,34.85080317460318,5.235384126984128,12.0,inf,42804.0,975.0,422
2024-06-11,0,1329,1704,45106.94000000002,33.940511662904456,5.0138826185101575,11.0,inf,22260.0,538.0,417
2024-06-11,1,506,654,16800.589999999982,33.20274703557309,4.7778063241106725,11.0,inf,7977.0,165.0,412
2024-06-11,2,276,333,7108.84,25.756666666666668,3.70369565217391,10.0,16.633675531183602,5262.0,129.0,398
2024-06-11,3,187,224,6344.060000000002,33.925454545454556,5.310213903743316,13.0,inf,6493.0,235.0,406
2024-06-11,4,274,313,11589.990000000002,42.299233576642344,6.776204379562043,14.0,inf,18953.0,1149.0,422
2024-06-11,5,735,782,25254.939999999977,34.36046258503398,5.589809523809525,11.0,inf,70810.0,6272.0,428
2024-06-11,6,1829,2012,55003.170000000006,30.0728102788409,4.566626571897212,10.0,inf,157444.0,13735.0,428
2024-06-11,7,4083,4588,108693.5600000001,26.621004163605217,40.781474406073954,11.0,inf,319479.0,23080.0,428
2024-06-11,8,5784,5975,153872.8200000006,26.603184647303006,11.271381396957125,15.0,inf,410382.0,23900.0,428
2024-06-11,9,5611,6248,156306.32000000033,27.857123507396246,3.0287114596328633,15.0,inf,251554.0,13414.0,428
2024-06-11,10,5621,6827,159940.35999999993,28.454075787226458,3.062161537093042,14.0,inf,160506.0,8071.0,428
2024-06-11,11,6030,7374,170472.03000000038,28.270651741293594,3.078135986733002,15.0,inf,145203.0,6802.0,428
2024-06-11,12,6335,7688,173850.51000000085,27.442858721389243,2.957029202841351,14.0,inf,153623.0,6712.0,428
2024-06-11,13,6599,8278,182914.91000000038,27.718580087892164,3.0726973783906675,14.0,inf,173232.0,7362.0,428
2024-06-11,14,7192,8841,214766.1700000013,29.86181451612921,3.3655520022246996,15.0,inf,217098.0,5029.0,428
2024-06-11,15,7675,9294,226576.72000000087,29.521396742671122,3.302522475570026,15.0,inf,275771.0,4986.0,428
2024-06-11,16,7382,9240,234098.30000000054,31.71204280682749,3.250587916553783,14.0,inf,327291.0,5113.0,428
2024-06-11,17,8207,9876,243460.4900000014,29.664979895211573,2.8713951504812942,14.0,inf,419923.0,4912.0,428
2024-06-11,18,8962,10556,251529.60000000155,28.06623521535389,2.7847690247712578,13.0,inf,305540.0,3608.0,428
2024-06-11,19,7533,9280,207378.71000000054,27.529365458648684,2.8885729457055604,11.0,inf,188030.0,2103.0,428
2024-06-11,20,6822,8522,184776.64000000042,27.085406039284727,3.250900029316919,11.0,inf,132385.0,1433.0,428
2024-06-11,21,7864,8978,205268.28000000044,26.102273652085508,3.1631599694811836,12.0,inf,110151.0,892.0,428
2024-06-11,22,6814,7514,184556.2400000002,27.08486058115647,3.3721191664220695,12.0,inf,82481.0,629.0,426
2024-06-11,23,4004,4801,112399.92000000048,28.071908091908213,3.673883616383616,11.0,inf,46447.0,389.0,423
2024-06-12,0,1852,2268,55485.40000000005,29.95971922246223,4.124395248380126,11.0,inf,24476.0,505.0,412
2024-06-12,1,791,983,21621.619999999984,27.334538558786328,3.845815423514535,10.0,inf,8849.0,190.0,402
2024-06-12,2,417,527,11340.110000000008,27.19450839328539,3.849232613908873,9.0,16.97824252224265,5432.0,117.0,403
2024-06-12,3,304,394,8536.680000000002,28.081184210526324,3.8635197368421066,11.0,inf,6721.0,229.0,411
2024-06-12,4,303,317,12052.039999999995,39.77570957095708,6.017359735973599,13.0,inf,18583.0,1154.0,425
2024-06-12,5,677,754,24408.459999999974,36.05385524372227,5.32129985228951,10.0,inf,67046.0,5916.0,428
2024-06-12,6,1828,1884,52477.07000000002,28.707368708971565,4.409923413566745,10.0,inf,152203.0,13409.0,428
2024-06-12,7,4182,4318,107166.58999999987,25.625679100908624,27.258828311812525,11.0,inf,309222.0,22056.0,428
2024-06-12,8,5528,6025,144557.45000000062,26.150045224312702,2.9998842257597684,13.0,inf,393626.0,22356.0,428
2024-06-12,9,5546,6410,149257.8000000002,26.912693833393472,2.916078254597907,14.0,inf,246191.0,12862.0,428
2024-06-12,10,5624,6676,150785.09000000014,26.811004623044123,2.8773364153627354,14.0,inf,157441.0,8092.0,428
2024-06-12,11,5988,7428,168316.52000000107,28.10897127588528,3.011830327321296,15.0,inf,145269.0,6867.0,428
2024-06-12,12,6380,7875,178031.04000000074,27.904551724138045,3.0107586206896557,14.0,inf,153383.0,6957.0,428
2024-06-12,13,6826,8402,197418.0800000007,28.92148842660426,3.245502490477573,15.0,inf,171158.0,7374.0,428
2024-06-12,14,6887,8644,199679.26000000042,28.993648903731728,3.3137026281399797,14.0,inf,213479.0,7958.0,428
2024-06-12,15,6985,8948,204131.18000000023,29.224220472440976,3.3397151037938397,14.0,inf,263866.0,9225.0,428
2024-06-12,16,7294,9018,232390.57000000155,31.860511379216007,3.3316163970386565,14.0,inf,315461.0,10117.0,428
2024-06-12,17,8261,10165,250459.69000000056,30.318325868538984,3.0162704273090437,14.0,inf,403496.0,6742.0,428
2024-06-12,18,8473,10538,239276.58000000083,28.23988905936514,2.7470624336126552,13.0,inf,299028.0,3580.0,428
2024-06-12,19,7461,9324,213928.48000000103,28.672896394585315,3.086421391234423,12.0,inf,187585.0,2084.0,428
2024-06-12,20,7078,8769,188936.12999999983,26.69343458604123,3.0803221248940296,12.0,inf,140732.0,1496.0,428
2024-06-12,21,8371,9989,218788.88999999998,26.13652968582009,3.7394612352168215,12.0,inf,115000.0,906.0,427
2024-06-12,22,8100,9009,214521.77999999962,26.484170370370325,3.260066666666665,12.0,inf,94613.0,668.0,423
2024-06-12,23,5490,5655,148788.29999999944,27.101693989070935,11.574067395264107,12.0,inf,52724.0,464.0,420
2024-06-13,0,2326,2992,69933.57000000011,30.0660232158212,4.045214961306957,11.0,inf,26235.0,485.0,415
2024-06-13,1,1033,1372,27136.46999999997,26.269574056147114,3.3786253630203262,9.0,inf,9680.0,182.0,407
2024-06-13,2,596,782,16998.919999999987,28.521677852348972,3.790838926174493,10.0,inf,5906.0,142.0,398
2024-06-13,3,359,445,10173.929999999995,28.339637883008344,3.732785515320333,9.0,17.293951285641302,6847.0,244.0,411
2024-06-13,4,359,419,13958.009999999995,38.880250696378816,5.8233426183844,12.0,inf,18274.0,1140.0,425
2024-06-13,5,724,781,27526.840000000015,38.02049723756908,5.440538674033148,10.0,inf,66208.0,5710.0,428
2024-06-13,6,1746,1912,54100.19000000002,30.985217640320744,4.563917525773193,10.0,inf,147376.0,12933.0,428
2024-06-13,7,3794,4292,98332.89000000013,25.917999472851907,3.143616236162365,11.0,inf,297404.0,21797.0,428
2024-06-13,8,5759,5845,147772.7200000007,25.659440875152058,2.8004601493314834,13.0,inf,375354.0,21824.0,428
2024-06-13,9,5708,6448,155352.63000000018,27.216648563419792,10.727944989488428,14.0,inf,242120.0,12561.0,428
2024-06-13,10,5498,6678,153660.23000000056,27.948386686067764,2.934976355038205,15.0,inf,162519.0,8331.0,428
2024-06-13,11,6232,7644,174619.1200000008,28.019756097561107,2.9672721437740717,15.0,inf,149222.0,6849.0,425
2024-06-13,12,6770,8261,189073.37000000098,27.928119645494977,12.588652880354502,14.0,inf,159041.0,7017.0,425
2024-06-13,13,6811,8715,196224.4700000011,28.80993539862004,3.1959624137424685,14.0,inf,177482.0,7600.0,425
2024-06-13,14,7518,9422,220864.16000000198,29.378047353019685,3.3363434424048872,14.0,inf,220681.0,8139.0,428
2024-06-13,15,7539,9297,222120.92000000074,29.462915506035383,3.307323252420742,14.0,inf,274788.0,9500.0,428
2024-06-13,16,7468,9507,238999.79000000053,32.00318559185867,3.3126124799142986,14.0,inf,319800.0,10436.0,428
2024-06-13,17,8885,10837,269847.70000000135,30.371153629713152,3.0536589758019117,14.0,inf,399630.0,10946.0,428
2024-06-13,18,9487,11022,268098.6100000008,28.25957731632769,2.7985401075155454,13.0,inf,298434.0,8370.0,428
2024-06-13,19,7418,9425,215740.64000000112,29.083397142086966,3.0647950930169934,12.0,inf,194777.0,5515.0,428
2024-06-13,20,7085,8968,192961.39000000092,27.23519971771361,3.1611813690896176,12.0,inf,150954.0,3994.0,428
2024-06-13,21,8488,9812,225516.58000000066,26.568871347785187,3.7868755890669195,13.0,inf,130456.0,2753.0,428
2024-06-13,22,8386,9463,221322.25000000017,26.39187336036253,3.1294443119484843,13.0,inf,99353.0,1130.0,425
2024-06-13,23,6147,6771,170468.12000000026,27.731921262404466,3.3858044574589257,12.0,inf,59780.0,465.0,423
2024-06-14,0,3907,4144,110384.28000000017,28.252951113386274,3.6006552341950315,12.0,inf,29462.0,537.0,419
2024-06-14,1,1952,2443,48442.65,24.81693135245902,6.119344262295089,10.0,inf,11741.0,219.0,408
2024-06-14,2,999,1295,25801.940000000002,25.82776776776777,3.2678578578578636,10.0,inf,6979.0,127.0,406
2024-06-14,3,611,775,17841.60999999999,29.200671031096547,4.0251227495908335,10.0,inf,7011.0,245.0,401
2024-06-14,4,532,563,19664.17999999999,36.962744360902235,5.891221804511278,11.5,inf,18215.0,1053.0,426
2024-06-14,5,778,862,32707.839999999975,42.04092544987143,6.676722365038559,13.0,inf,65157.0,5600.0,428
2024-06-14,6,1703,1771,54624.77999999997,32.07561949500879,4.756341749853201,10.0,inf,135446.0,11696.0,428
2024-06-14,7,3324,3503,92563.44000000028,27.847003610108388,3.798971119133571,11.0,inf,234885.0,17739.0,428
2024-06-14,8,4417,5110,118664.38000000024,26.865379216662948,22.555682589993204,11.0,inf,267304.0,17462.0,428
2024-06-14,9,4829,5807,126123.79000000001,26.11799337336923,3.031064402567819,12.0,inf,188539.0,10780.0,428
2024-06-14,10,5358,6567,146788.5500000003,27.396145949981396,3.2032157521463183,13.0,inf,152453.0,7941.0,428
2024-06-14,11,5769,7254,157653.07000000039,27.327625238342932,3.131053908823017,13.0,inf,156027.0,7496.0,428
2024-06-14,12,6201,7721,167647.32000000004,27.035529753265607,3.101262699564586,13.0,inf,170935.0,7529.0,428
2024-06-14,13,6762,8089,188506.28000000076,27.877296657793664,3.3078083407276,13.0,inf,187868.0,7827.0,428
2024-06-14,14,7223,8879,199405.45000000094,27.607012321750094,3.187750242281599,13.0,inf,224207.0,8354.0,428
2024-06-14,15,7429,9461,206989.68000000095,27.862387939157486,10.557575716785575,13.0,inf,267908.0,9578.0,428
2024-06-14,16,7225,8685,219104.78000000105,30.32592110726658,3.1392927335640244,13.0,inf,295873.0,10238.0,428
2024-06-14,17,7716,9483,232771.11000000063,30.167328926905213,3.2420580611715946,13.0,inf,315043.0,10298.0,428
2024-06-14,18,10857,13135,281899.40000000095,25.96476006263249,2.4493340701851345,11.0,inf,259880.0,8421.0,428
2024-06-14,19,9961,10300,270723.7900000009,27.178374661178687,2.402265836763372,12.0,inf,171163.0,5200.0,428
2024-06-14,20,5724,7193,150105.1200000001,26.223815513626853,2.8365321453528978,12.0,inf,128199.0,3499.0,428
2024-06-14,21,5225,7209,144088.0700000003,27.576664114832592,3.1499559808612516,12.0,inf,106143.0,2215.0,428
2024-06-14,22,6398,8651,178954.90000000026,27.970443888715263,3.2912800875273427,13.0,inf,100006.0,1819.0,427
2024-06-14,23,6351,7267,180239.08000000077,28.379637852306846,3.566639899228471,13.0,inf,67541.0,1304.0,425
2024-06-15,0,5692,6645,162495.11999999965,28.547983134223408,3.721040056219256,12.0,inf,37479.0,674.0,413
2024-06-15,1,4549,5374,118433.00000000036,26.034952736865325,3.270936469553749,11.0,inf,17703.0,298.0,401
2024-06-15,2,3248,3757,83384.90000000026,25.672690886699588,3.3054371921182244,11.0,inf,10265.0,175.0,401
2024-06-15,3,1809,2183,46287.730000000025,25.587468214483152,3.279933665008291,10.0,inf,7815.0,159.0,406
2024-06-15,4,1004,1135,30562.989999999976,30.44122509960157,4.128545816733068,11.0,inf,11430.0,362.0,403
2024-06-15,5,514,546,20216.85000000001,39.332392996108965,6.220622568093384,12.0,inf,24752.0,1364.0,408
2024-06-15,6,947,1125,34580.25999999995,36.51558606124599,5.561636747624072,10.0,inf,49469.0,2783.0,407
2024-06-15,7,1317,1589,39083.559999999925,29.67620349278658,14.476340167046311,9.0,inf,70460.0,4240.0,409
2024-06-15,8,2408,2718,67312.64999999994,27.953758305647813,3.8618895348837197,9.0,inf,88981.0,4810.0,406
2024-06-15,9,3532,4272,89518.69000000009,25.345042468856196,3.3100651189127968,10.0,inf,111116.0,5005.0,408
2024-06-15,10,4331,5697,107090.59000000024,24.72652736088669,3.0330154698683884,10.0,inf,126685.0,5301.0,410
2024-06-15,11,5535,6833,143451.9400000003,25.91724299909671,3.195853658536587,11.0,inf,139428.0,5769.0,410
2024-06-15,12,6059,7515,157201.75000000003,25.945164218517913,3.0958359465258383,12.0,inf,154651.0,6429.0,407
2024-06-15,13,6111,8211,163609.5800000009,26.772963508427573,3.1119636720667634,12.0,inf,167404.0,6652.0,406
2024-06-15,14,6166,7748,169832.1800000006,27.543331170937496,3.29020759000973,12.0,inf,177139.0,6985.0,406
2024-06-15,15,6639,8170,179630.930000001,27.056925741828742,3.2678671486669724,13.0,inf,185733.0,6917.0,407
2024-06-15,16,6642,9018,181568.44000000108,27.336410719662915,3.297845528455278,13.0,inf,187158.0,6561.0,405
2024-06-15,17,7134,9376,193695.50000000081,27.151037286235045,3.198399215026632,13.0,inf,181197.0,6284.0,407
2024-06-15,18,7681,9158,203464.41000000105,26.48931258950671,3.16466866293452,13.0,inf,168868.0,5457.0,406
2024-06-15,19,6771,8858,171581.91000000064,25.340704474966866,2.97300989514104,12.0,inf,146182.0,4595.0,407
2024-06-15,20,5350,7178,143225.86000000028,26.771188785046782,3.217177570093459,12.0,inf,117848.0,3699.0,406
2024-06-15,21,5980,7597,164955.49000000046,27.584530100334526,3.3778444816053534,13.0,inf,107657.0,2933.0,404
2024-06-15,22,6927,8562,195121.82000000027,28.16830085173961,3.409790674173525,13.0,inf,98607.0,2131.0,406
2024-06-15,23,6586,7986,182501.31000000087,27.71049347099922,3.192392954752502,13.0,inf,72371.0,1624.0,404
2024-06-16,0,6109,5992,163986.73999999993,26.8434670158782,3.2697315436241636,12.0,inf,39380.0,765.0,400
2024-06-16,1,4662,4901,111699.47000000029,23.95956027456034,2.883093093093095,11.0,inf,19558.0,312.0,402
2024-06-16,2,3237,3778,76160.12999999995,23.527998146431866,2.8241365461847368,10.0,inf,11550.0,164.0,392
2024-06-16,3,2255,2434,56460.60000000014,25.037960088691857,3.123028824833701,10.0,inf,8490.0,140.0,392
2024-06-16,4,1348,1349,40145.69000000003,29.781669139465897,4.1567359050445125,11.0,inf,9932.0,257.0,396
2024-06-16,5,564,619,24256.239999999998,43.00751773049645,6.536382978723408,13.0,inf,17153.0,784.0,402
2024-06-16,6,886,811,32389.96999999996,36.55752821670424,5.7690744920993255,11.0,inf,31511.0,1563.0,406
2024-06-16,7,1471,1415,46198.51999999995,31.406199864038037,4.8370564242012275,10.0,inf,47811.0,2337.0,404
2024-06-16,8,1952,2319,61119.20999999988,31.311070696721252,4.616762295081964,9.0,inf,63802.0,3212.0,407
2024-06-16,9,3038,3430,80731.99000000015,26.574058591178456,23.864509545753634,9.0,inf,84227.0,3605.0,407
2024-06-16,10,4449,4587,117025.42000000073,26.303758147898566,3.5717981568892023,10.0,inf,101240.0,3961.0,405
2024-06-16,11,5114,5983,138622.97000000026,27.106564333203025,3.5832596793116926,10.0,inf,115631.0,4538.0,406
2024-06-16,12,5667,6830,157192.86000000095,27.73828480677624,3.508171872242814,11.0,inf,129241.0,4828.0,407
2024-06-16,13,6140,6861,177983.57000000103,28.98755211726401,3.8132589576547185,11.5,inf,137412.0,5045.0,405
2024-06-16,14,6196,7386,192111.1400000011,31.005671400903985,4.13095868302131,12.0,inf,142574.0,5337.0,406
2024-06-16,15,5754,7340,175633.1900000017,30.523668752172696,21.22556134862702,12.0,inf,145199.0,5144.0,406
2024-06-16,16,6309,7226,200931.43000000095,31.848380091932313,4.231627833254089,13.0,inf,148356.0,4841.0,402
2024-06-16,17,6411,7518,186650.42000000086,29.114088285758985,3.7750912494150657,12.0,inf,146334.0,4730.0,405
2024-06-16,18,5965,7486,171652.50000000023,28.77661357921211,3.729277451802191,11.0,inf,131627.0,4068.0,402
2024-06-16,19,6027,6858,178779.20000000103,29.66304961008811,14.16519163763066,12.0,inf,113468.0,3570.0,405
2024-06-16,20,5526,6330,165430.37000000133,29.936730003619495,4.016699239956569,12.0,inf,92639.0,2726.0,406
2024-06-16,21,5167,6086,158666.46000000104,30.707656280240187,7.658563963615245,12.0,inf,80683.0,2087.0,409
2024-06-16,22,4637,4857,157635.5800000003,33.99516497735612,4.852428294155716,13.0,inf,62468.0,1498.0,412
2024-06-16,23,3973,3634,137146.49000000043,34.5196300025171,5.032927258998246,13.0,inf,43457.0,895.0,411
2024-06-17,0,2065,2329,77034.09000000003,37.30464406779662,5.6965472154963575,13.0,inf,21238.0,447.0,408
2024-06-17,1,990,1221,30609.15999999998,30.918343434343416,4.6003636363636335,10.0,inf,8087.0,164.0,402
2024-06-17,2,583,558,16868.87,28.93459691252144,4.395797598627786,10.0,inf,5228.0,119.0,397
2024-06-17,3,365,370,12412.179999999991,34.0059726027397,5.355890410958905,12.0,20.258689066231064,6053.0,187.0,396
2024-06-17,4,528,475,20596.870000000003,39.00922348484849,6.062727272727274,13.0,inf,17391.0,1095.0,424
2024-06-17,5,893,863,34131.14999999996,38.22077267637173,6.121612541993278,12.0,inf,64114.0,5412.0,428
2024-06-17,6,1826,1817,54995.51000000001,30.118023001095295,4.657212486308875,10.0,inf,130906.0,11049.0,428
2024-06-17,7,2929,3298,82845.52000000009,28.28457494025268,3.9994059405940714,10.0,inf,228059.0,17280.0,428
2024-06-17,8,4676,4972,128112.130000001,27.397803678357782,3.461783575705732,13.0,inf,308548.0,18428.0,428
2024-06-17,9,4734,5540,126920.23000000062,26.810356991973094,3.2062505280946416,13.0,inf,201327.0,10884.0,428
2024-06-17,10,4694,5799,125746.44000000058,26.78876011930136,3.1534959522795085,12.0,inf,142870.0,7454.0,428
2024-06-17,11,5290,6623,147817.82000000039,27.942877126654135,3.3774669187145503,13.0,inf,135550.0,6737.0,428
2024-06-17,12,5511,6879,147131.03999999992,26.697702776265636,3.131291961531483,13.0,inf,143613.0,6645.0,428
2024-06-17,13,5813,7357,166242.1000000008,28.598331326337657,3.527417856528469,12.0,inf,159097.0,6979.0,428
2024-06-17,14,6658,8360,189269.47000000128,28.427376088915782,3.500130669870832,12.0,inf,181765.0,7325.0,428
2024-06-17,15,6377,8130,180044.20000000147,28.23336992316159,3.4150509644033287,12.0,inf,227653.0,8318.0,428
2024-06-17,16,6145,7960,195096.92000000074,31.748888527258053,3.6343580146460486,12.0,inf,276771.0,9403.0,428
2024-06-17,17,6743,8403,200937.8400000013,29.799472045083984,3.335441198279699,11.0,inf,349021.0,10033.0,428
2024-06-17,18,7254,8798,199465.69000000108,27.497338020402687,2.9733733112765406,11.0,inf,261751.0,7519.0,428
2024-06-17,19,5595,7156,162173.91000000027,28.985506702412916,3.317220732797142,11.0,inf,168550.0,5072.0,428
2024-06-17,20,5431,6807,149192.6000000001,27.470557908304198,3.389189836125941,11.0,inf,126150.0,3539.0,428
2024-06-17,21,5956,6602,159009.56999999954,26.697375755540556,3.3733378106111407,11.0,inf,96670.0,2246.0,428
2024-06-17,22,4657,5154,131302.3200000005,28.194614558728905,3.8162529525445583,12.0,inf,71044.0,1549.0,423
2024-06-17,23,2952,3115,89835.0400000002,30.43192411924126,4.403594173441742,12.0,inf,45552.0,965.0,424
2024-06-18,0,1550,1499,47638.94999999998,30.734806451612894,4.56229032258065,11.0,inf,21914.0,472.0,417
2024-06-18,1,596,751,21385.749999999985,35.882130872483195,5.510536912751678,11.0,inf,8107.0,181.0,409
2024-06-18,2,287,369,9246.379999999997,32.217351916376295,4.465365853658535,10.0,inf,4974.0,130.0,402
2024-06-18,3,199,254,7378.689999999996,37.078844221105506,5.351206030150752,11.0,19.66654113851687,6277.0,240.0,407
2024-06-18,4,291,318,11643.020000000002,40.01037800687286,6.40591065292096,14.0,21.744637860078228,18308.0,1236.0,423
2024-06-18,5,662,750,23732.96999999999,35.85040785498488,5.7795166163142015,12.0,19.063667256495147,68439.0,5964.0,428
2024-06-18,6,1764,1864,51363.02999999996,29.11736394557821,9.405362811791383,10.0,inf,148676.0,12869.0,428
2024-06-18,7,3664,3805,95598.02999999993,26.091165393013082,3.389031113537127,11.0,inf,280253.0,21420.0,428
2024-06-18,8,5302,5932,137704.63000000067,25.97220482836678,7.682859298377968,13.0,inf,382667.0,22332.0,428
2024-06-18,9,5426,6236,142098.36999999973,26.18842056763725,2.8314264651677106,14.0,inf,244168.0,12962.0,428
2024-06-18,10,5620,6846,156118.9999999999,27.779181494661906,2.9603345195729522,15.0,inf,163626.0,8392.0,428
2024-06-18,11,5844,7355,160121.30000000002,27.39926420260096,2.7437662559890463,15.0,inf,157074.0,7719.0,427
2024-06-18,12,6279,7949,169343.62000000058,26.96983914636098,11.605075648988686,14.0,inf,165713.0,7552.0,427
2024-06-18,13,6754,8262,189530.09000000078,28.061902576251228,3.0796579804560222,14.0,inf,175456.0,7903.0,427
2024-06-18,14,7248,8943,197613.4900000001,27.264554359823414,6.589932395143483,14.0,inf,208135.0,8234.0,428
2024-06-18,15,7268,9113,203079.2700000004,27.941561640066098,3.095222894881668,14.0,inf,260001.0,9213.0,428
2024-06-18,16,7578,8961,235935.41000000053,31.134258379519732,3.1992874109263556,14.0,inf,318482.0,10571.0,428
2024-06-18,17,8274,9411,241026.86000000013,29.130633309161244,2.785255015711855,14.0,inf,407912.0,11094.0,428
2024-06-18,18,8999,10770,249916.91000000032,27.771631292365853,2.7113934881653527,12.0,inf,307816.0,8779.0,428
2024-06-18,19,7512,8731,208522.88000000073,27.758636847710427,2.879093450479239,12.0,inf,195160.0,5763.0,428
2024-06-18,20,7298,8246,193026.1800000005,26.449188818854548,3.0445574129898523,12.0,inf,146788.0,3937.0,428
2024-06-18,21,7951,8999,207478.13000000137,26.094595648346292,3.0121745692365898,12.0,inf,127536.0,2764.0,428
2024-06-18,22,7645,8036,209556.38000000053,27.410906474820212,3.3243440156965383,12.0,inf,101286.0,1924.0,425
2024-06-18,23,6003,5452,160366.77000000028,26.714437781109492,3.37737464601033,12.0,inf,56912.0,1113.0,424
2024-06-19,0,3220,3398,85858.6500000001,26.66417701863357,3.501835403726707,11.0,inf,28814.0,535.0,414
2024-06-19,1,1671,1968,42526.23999999996,25.449575104727685,3.33187911430281,9.0,inf,10906.0,217.0,407
2024-06-19,2,817,902,19980.589999999986,24.45604651162789,3.204614443084457,9.0,inf,6415.0,129.0,411
2024-06-19,3,475,564,12937.299999999996,27.23642105263157,3.6495789473684215,10.0,inf,6291.0,192.0,411
2024-06-19,4,454,480,16333.640000000005,35.9771806167401,5.283568281938327,12.0,inf,15989.0,937.0,423
2024-06-19,5,597,646,23903.64999999998,40.03961474036848,105.66420435510888,11.0,inf,56399.0,4780.0,427
2024-06-19,6,1151,1314,39132.78999999993,33.99894874022583,5.222450043440488,9.0,inf,101349.0,8654.0,428
2024-06-19,7,1903,2216,56811.880000000005,29.85385181292696,4.1797214923804455,10.0,inf,141032.0,11003.0,428
2024-06-19,8,3037,3604,81543.78000000035,26.85010865986182,3.3713730655251943,11.0,inf,176594.0,11680.0,428
2024-06-19,9,4173,4991,107353.06000000022,25.725631440210933,3.077584471603161,11.0,inf,156846.0,8783.0,428
2024-06-19,10,5098,6510,133861.07000000065,26.257565712044066,3.0564437034131062,12.0,inf,150339.0,7380.0,428
2024-06-19,11,5815,7209,149337.9700000003,25.681508168529714,2.8412605331040393,12.0,inf,157985.0,7174.0,428
2024-06-19,12,6718,8246,179338.84000000067,26.695272402500844,2.9907398035129535,13.0,inf,167761.0,7309.0,428
2024-06-19,13,6821,8867,183263.5600000008,26.86755021257892,3.060809265503599,12.0,inf,182441.0,7853.0,428
2024-06-19,14,7102,9119,200257.53000000067,28.19734300197137,3.497140242185299,12.0,inf,200537.0,8205.0,428
2024-06-19,15,7042,8957,193651.00000000081,27.499431979551378,3.211107639875039,12.0,inf,232111.0,8552.0,428
2024-06-19,16,6937,9235,215757.22000000105,31.102381432896216,3.381290183076249,13.0,inf,250976.0,8854.0,428
2024-06-19,17,6657,8714,190358.75000000058,28.59527564969214,2.970036052275792,12.0,inf,271187.0,9153.0,428
2024-06-19,18,6808,8692,190207.23000000056,27.938782314923703,2.908913043478259,12.0,inf,223313.0,7687.0,428
2024-06-19,19,5632,7549,168280.78000000044,29.879399857954624,3.396571377840914,11.0,inf,159305.0,5059.0,428
2024-06-19,20,4790,6350,134054.42000000036,27.986308977035566,3.4011920668058444,12.0,inf,128043.0,3750.0,428
2024-06-19,21,5779,7616,155191.18000000014,26.85433119916943,3.2192490050181743,12.0,inf,115570.0,2643.0,428
2024-06-19,22,5352,6838,150830.5000000001,28.18208146487296,3.5813733183856526,12.0,inf,96072.0,1802.0,424
2024-06-19,23,3360,4317,109213.81000000045,32.50411011904775,4.521648809523812,12.0,inf,54959.0,1073.0,422
2024-06-20,0,1816,2211,54439.48999999998,29.977692731277525,4.246486784140972,11.0,inf,24671.0,499.0,416
2024-06-20,1,760,1009,19452.009999999987,25.594749999999983,3.3333026315789462,9.0,inf,9239.0,184.0,409
2024-06-20,2,450,588,10813.319999999987,24.02959999999997,2.9464666666666672,8.0,inf,5603.0,132.0,409
2024-06-20,3,278,337,8106.290000000004,29.159316546762604,4.2599280575539575,10.0,17.47093102402628,6533.0,249.0,412
2024-06-20,4,350,367,12980.039999999997,37.085828571428564,6.39277142857143,13.0,inf,18423.0,1135.0,425
2024-06-20,5,682,790,26897.289999999986,39.43884164222872,6.641304985337249,12.0,inf,67677.0,5965.0,428
2024-06-20,6,1723,1827,51846.639999999985,30.09091120139291,4.582356355194432,10.0,inf,143604.0,12784.0,428
2024-06-20,7,3596,3725,94636.67000000013,26.31720522803118,3.447611234705231,11.0,inf,267516.0,19917.0,428
2024-06-20,8,5371,5893,141363.21000000002,26.31971886054739,10.211709178923844,13.0,inf,362481.0,21482.0,428
2024-06-20,9,5471,6259,145131.9500000004,26.52749954304522,2.8177938219703944,14.0,inf,235316.0,13008.0,428
2024-06-20,10,5848,7121,162798.1400000003,27.83825923392618,2.9937243502051984,14.0,inf,162482.0,8239.0,428
2024-06-20,11,6060,7608,170792.81000000105,28.183632013201493,3.0015924092409243,15.0,inf,157386.0,7602.0,428
2024-06-20,12,6452,8141,180196.1600000004,27.92872907625549,2.973595784252949,15.0,inf,164651.0,7461.0,427
2024-06-20,13,6882,8420,200262.7500000011,29.09949869224079,3.1862002324905525,15.0,inf,178396.0,7870.0,428
2024-06-20,14,7470,9350,221609.39000000164,29.666585006693662,3.2815515394912986,15.0,inf,213602.0,8356.0,428
2024-06-20,15,7287,9214,217179.85000000143,29.80373953616048,3.2228708659256298,14.0,inf,260993.0,9536.0,428
2024-06-20,16,8096,9742,265208.2000000022,32.75792984189751,3.216616847826086,15.0,inf,308601.0,10375.0,428
2024-06-20,17,9077,10555,290498.47000000085,32.00379751019069,3.0415875289192407,15.0,inf,388896.0,10850.0,428
2024-06-20,18,9119,11093,267335.87000000075,29.316358153306368,2.6790963921482556,14.0,inf,302601.0,8589.0,428
2024-06-20,19,7530,9060,225600.69000000128,29.960250996016107,3.0796454183266917,13.0,inf,203078.0,5800.0,428
2024-06-20,20,6846,8260,195575.95000000077,28.567915571136542,3.23895997662868,14.0,inf,150234.0,4161.0,428
2024-06-20,21,7369,9130,202383.2500000002,27.464140317546505,3.0857674039896805,13.0,inf,124984.0,2719.0,428
2024-06-20,22,7736,8569,212910.04000000018,27.52198035160292,26.652334539813854,13.0,inf,96947.0,1943.0,425
2024-06-20,23,6114,6288,167861.41999999972,27.455253516519416,3.4832646385345134,12.0,inf,58903.0,1192.0,421
2024-06-21,0,3498,4249,97430.5400000001,27.853213264722726,3.6099656946826792,11.0,inf,31734.0,584.0,421
2024-06-21,1,1571,2047,41714.569999999956,26.552877148313147,3.3817950350095547,10.0,inf,11556.0,217.0,417
2024-06-21,2,875,1132,21758.849999999973,24.867257142857113,3.1089142857142864,10.0,inf,6906.0,147.0,406
2024-06-21,3,530,667,14573.569999999998,27.49730188679245,3.5643207547169786,9.0,inf,7071.0,233.0,414
2024-06-21,4,424,477,16216.360000000004,38.24613207547171,5.875896226415094,13.0,inf,18127.0,1109.0,423
2024-06-21,5,771,824,32027.549999999985,41.54027237354084,6.449195849546044,12.0,inf,63928.0,5300.0,428
2024-06-21,6,1630,1763,51412.54999999998,31.5414417177914,4.7644233128834355,10.0,inf,132374.0,11628.0,428
2024-06-21,7,2753,3195,78344.07,28.45770795495823,30.391046131492924,10.0,inf,224469.0,17197.0,428
2024-06-21,8,4433,4748,118168.09000000029,26.65646063613812,3.2727453191969302,12.0,inf,259610.0,16948.0,428
2024-06-21,9,4810,5724,123287.05000000056,25.631403326403444,2.9452494802494815,12.0,inf,185363.0,10823.0,428
2024-06-21,10,4975,6298,140193.29000000068,28.17955577889461,3.224753768844212,14.0,inf,150784.0,7730.0,428
2024-06-21,11,5772,7167,155914.26000000062,27.012172557172665,3.023393970893973,14.0,inf,154107.0,7138.0,428
2024-06-21,12,6488,7857,175108.0200000006,26.9895221948213,3.077654130702838,13.0,inf,165383.0,7039.0,428
2024-06-21,13,6550,8288,183331.93000000133,27.98960763358799,3.156354198473279,12.0,inf,183518.0,7601.0,428
2024-06-21,14,7772,9404,225747.54000000068,29.04626093669592,3.2878551209469866,13.0,inf,219535.0,8124.0,428
2024-06-21,15,8034,9208,236896.80000000144,29.486781179985243,3.308965646004475,13.0,inf,257893.0,9262.0,428
2024-06-21,16,7471,9339,237807.0100000011,31.830679962521895,3.1519220987819514,14.0,inf,281821.0,9749.0,428
2024-06-21,17,8126,9806,241425.53000000023,29.710254737878444,2.8658380507014614,13.0,inf,311841.0,9984.0,428
2024-06-21,18,9298,10406,263201.0500000016,28.30727575822775,2.8158517960851834,13.0,inf,246457.0,8070.0,428
2024-06-21,19,7265,9426,204584.32000000108,28.160264280798497,2.9528368891947685,12.0,inf,182391.0,5769.0,428
2024-06-21,20,5565,7695,158789.78000000078,28.53365318957786,3.4390044923629928,12.0,inf,140279.0,4126.0,428
2024-06-21,21,6046,8247,171244.4999999999,28.323602381739978,11.375787297386712,13.0,inf,126309.0,2902.0,428
2024-06-21,22,6300,8533,176478.98000000013,28.012536507936527,3.2675920634920708,14.0,inf,113639.0,2179.0,427
2024-06-21,23,6008,7706,163863.47000000003,27.274212716378166,3.179249334221039,13.0,inf,74811.0,1343.0,427
2024-06-22,0,6404,6967,165200.3800000003,25.79643660212372,3.1636695815115536,12.0,inf,46519.0,804.0,421
2024-06-22,1,5000,5490,121070.22000000032,24.214044000000065,2.9577379999999955,11.0,inf,21729.0,375.0,417
2024-06-22,2,3571,3929,81683.46999999991,22.874116493979255,2.734855782693925,10.0,inf,12331.0,181.0,406
2024-06-22,3,1982,2330,45137.11999999998,22.773521695257305,2.837184661957618,10.0,inf,8942.0,163.0,413
2024-06-22,4,1155,1232,31892.85999999998,27.612865800865784,3.6480346320346286,10.0,inf,11439.0,347.0,412
2024-06-22,5,469,566,19995.489999999994,42.63430703624732,6.55326226012793,12.0,inf,24225.0,1354.0,417
2024-06-22,6,872,1028,31059.499999999927,35.61869266055037,5.565183486238534,10.0,inf,46357.0,2903.0,419
2024-06-22,7,1433,1664,42631.249999999935,29.74965108164685,4.259658060013952,9.0,inf,70188.0,4403.0,421
2024-06-22,8,2135,2758,61242.76999999999,28.685138173302104,4.020051522248244,10.0,inf,87764.0,4808.0,418
2024-06-22,9,3439,4434,87304.78000000019,25.38667635940686,3.2092963070660083,10.0,inf,107239.0,5238.0,417
2024-06-22,10,4644,5835,116356.8200000003,25.055301464255017,3.1589771748492703,10.0,inf,122513.0,5227.0,418
2024-06-22,11,5317,7120,136309.4000000006,25.636524355839875,3.1019503479405675,11.0,inf,140072.0,5746.0,417
2024-06-22,12,6183,8264,156093.83000000057,25.24564612647591,9.685935629953097,11.0,inf,153208.0,6606.0,416
2024-06-22,13,7450,8912,195313.0900000007,26.2165221476511,3.0725114093959647,12.0,inf,164663.0,6705.0,419
2024-06-22,14,6985,9160,185016.6500000014,26.487709377237135,3.141068002863267,12.0,inf,169368.0,6587.0,418
2024-06-22,15,6337,8938,179021.44000000018,28.25018778601865,3.393780968912734,13.0,inf,175027.0,6160.0,417
2024-06-22,16,6900,8947,187965.0400000002,27.241310144927567,3.1914101449275316,13.0,inf,177618.0,5935.0,419
2024-06-22,17,6632,8660,177811.41000000018,26.811129372738264,3.191376658624851,13.0,inf,176930.0,5857.0,417
2024-06-22,18,6676,9396,173813.69000000015,26.035603654883186,2.990554224086272,12.0,inf,162670.0,5063.0,417
2024-06-22,19,6478,8724,167405.82000000024,25.84220747144184,2.904979932077801,13.0,inf,138551.0,4391.0,417
2024-06-22,20,6485,8883,175956.47000000053,27.132840400925293,3.053893600616813,13.0,inf,124468.0,3683.0,415
2024-06-22,21,5725,7906,156428.83000000042,27.323813100436755,3.088054148471624,13.0,inf,103355.0,2701.0,417
2024-06-22,22,6258,8293,185750.7500000006,29.682126877596772,3.5471124960051132,14.0,inf,97871.0,1926.0,417
2024-06-22,23,6903,7306,195847.27000000083,28.37132695929318,3.4393147906707164,14.0,inf,67718.0,1303.0,413
2024-06-23,0,5674,6864,163259.53000000067,28.77326929855493,12.166297144871354,13.0,inf,39571.0,753.0,415
2024-06-23,1,4670,5209,122755.51000000015,26.28597644539618,3.2794346895074904,11.0,inf,19071.0,296.0,398
2024-06-23,2,3235,3685,79622.13000000002,24.612714064914996,3.1295208655332303,11.0,inf,11550.0,141.0,404
2024-06-23,3,2203,2452,55198.58999999995,25.056100771674966,3.160213345438045,10.0,inf,8959.0,147.0,406
2024-06-23,4,1248,1285,36863.439999999966,29.538012820512794,4.057331730769237,10.0,inf,10146.0,288.0,409
2024-06-23,5,621,623,24241.97999999999,39.03700483091786,6.433429951690822,13.0,inf,17662.0,791.0,415
2024-06-23,6,854,1040,34749.75999999994,40.6905854800936,6.519145199063234,11.0,inf,33865.0,1794.0,415
2024-06-23,7,1291,1659,44808.46999999993,34.70834237025556,5.239914794732768,9.0,inf,50834.0,2808.0,416
2024-06-23,8,2291,2797,69338.62000000008,30.26565691837629,22.388577040593635,10.0,inf,66253.0,3444.0,417
2024-06-23,9,3377,4359,90873.96000000006,26.90967130589282,3.5633639324844513,10.0,inf,86832.0,3941.0,416
2024-06-23,10,4160,5639,112603.18000000024,27.068072115384673,3.493875000000005,10.0,inf,102904.0,4038.0,417
2024-06-23,11,5290,6550,143124.49000000054,27.05566918714566,3.4481625708884707,11.0,inf,119322.0,4561.0,418
2024-06-23,12,6293,7652,165722.5400000008,26.334425552200983,3.2631829016367426,11.0,inf,131184.0,5101.0,416
2024-06-23,13,6419,8653,184370.34000000125,28.722595419847522,3.593056550864621,12.0,inf,139162.0,5658.0,417
2024-06-23,14,6760,8667,199693.5500000002,29.54046597633139,13.408967455621301,13.0,inf,142470.0,5552.0,419
2024-06-23,15,6818,8298,199436.44999999972,29.251459372249887,3.685753886770309,13.0,inf,150234.0,5540.0,418
2024-06-23,16,5994,8107,180815.83,30.166137804471134,8.626106106106121,13.0,inf,151333.0,5213.0,416
2024-06-23,17,6258,8281,180912.8400000001,28.909050814956874,3.4505640779801827,13.0,inf,145818.0,4540.0,420
2024-06-23,18,6419,8118,180502.1899999991,28.119985979124333,3.4302539336345315,13.0,inf,130302.0,4138.0,419
2024-06-23,19,5324,7354,149776.15000000014,28.13225957926374,3.5020980465815152,12.0,inf,108730.0,3294.0,420
2024-06-23,20,4506,6225,140976.4000000003,31.286373723923727,4.057405681313799,12.0,inf,88427.0,2586.0,418
2024-06-23,21,4609,6013,137633.79000000004,29.861963549576924,15.881985246257315,12.0,inf,78630.0,2015.0,421
2024-06-23,22,3594,4628,109857.21000000036,30.566836393990084,3.954588202559822,12.0,inf,62056.0,1397.0,424
2024-06-23,23,2563,3429,91843.4,35.8343347639485,5.138622707764329,12.0,inf,38905.0,827.0,423
2024-06-24,0,2066,2465,90803.64000000017,43.951423039690305,6.983727008712492,15.0,inf,18860.0,379.0,419
2024-06-24,1,1240,1615,59194.59000000004,47.73757258064519,80.2123629032258,15.0,inf,8235.0,187.0,413
2024-06-24,2,864,1132,45562.950000000004,52.73489583333334,8.647731481481483,16.0,inf,5410.0,145.0,404
2024-06-24,3,413,560,19872.860000000004,48.11830508474577,7.8029539951573845,13.0,inf,6224.0,195.0,411
2024-06-24,4,466,458,20912.77,44.877188841201715,7.220321888412021,14.0,inf,18047.0,1073.0,426
2024-06-24,5,744,860,28916.40999999998,38.86614247311825,101.58028225806451,12.0,inf,65653.0,5583.0,428
2024-06-24,6,2015,1999,61269.19000000001,30.4065459057072,101.9917220843672,10.0,inf,140321.0,12023.0,428
2024-06-24,7,3760,3703,107491.0500000002,28.588045212766012,33.29038829787235,11.0,inf,255625.0,19170.0,428
2024-06-24,8,5237,5834,137612.8300000005,26.277034561772105,3.1458831392018367,12.0,inf,330837.0,20447.0,428
2024-06-24,9,5489,6473,152238.78000000035,27.7352486791766,14.956192384769498,13.0,inf,208408.0,11739.0,428
2024-06-24,10,5283,6516,154107.1800000004,29.170391822828016,3.4065076660988063,13.0,inf,146170.0,8252.0,427
2024-06-24,11,5461,6920,162264.02000000066,29.713242995788438,3.50837209302326,14.0,inf,142370.0,7382.0,426
2024-06-24,12,5620,7170,158850.20000000074,28.265160142348886,3.330080071174377,13.0,inf,149230.0,7253.0,426
2024-06-24,13,6003,7474,177716.08000000042,29.604544394469503,3.608820589705146,14.0,inf,162009.0,7482.0,428
2024-06-24,14,6307,8036,193667.70000000056,30.706786110670773,3.7741541144759845,14.0,inf,193485.0,7999.0,428
2024-06-24,15,6378,8326,198306.30999999985,31.092240514267772,3.7128127939792983,14.0,inf,239454.0,8872.0,428
2024-06-24,16,6719,8429,222062.83000000144,33.049982140199646,3.6126090191992817,14.0,inf,288601.0,10283.0,428
2024-06-24,17,7677,8887,237914.10000000102,30.99050410316543,3.2773049368242706,14.0,inf,363468.0,10327.0,428
2024-06-24,18,8180,9442,243116.9800000006,29.72090220048907,8.561572127139364,13.0,inf,269010.0,7959.0,428
2024-06-24,19,6762,8008,205968.61000000106,30.459717539189747,3.4240934634723597,12.0,inf,173041.0,5179.0,428
2024-06-24,20,6125,7150,176742.6200000005,28.855937959183752,3.577800816326533,12.0,inf,125670.0,3432.0,428
2024-06-24,21,6164,7237,176349.85999999975,28.609646333549602,3.622220960415323,13.0,inf,95105.0,2277.0,428
2024-06-24,22,5003,5627,151661.9300000004,30.314197481511172,4.028334999000603,13.0,inf,69879.0,1546.0,424
2024-06-24,23,3962,4408,134130.5100000001,33.85424280666333,5.044848561332674,13.0,inf,46177.0,948.0,425
2024-06-25,0,2059,2304,78251.40000000001,38.00456532297232,5.9029820301117075,14.0,inf,23325.0,496.0,416
2024-06-25,1,708,904,24798.999999999996,35.02683615819208,5.184971751412432,11.0,inf,8644.0,189.0,406
2024-06-25,2,383,506,13673.490000000003,35.70101827676241,5.61436031331593,11.0,inf,5553.0,128.0,402
2024-06-25,3,212,249,7241.679999999999,34.1588679245283,5.328584905660376,12.0,inf,6647.0,252.0,414
2024-06-25,4,381,358,13981.349999999995,36.69645669291337,5.673937007874015,13.0,inf,18709.0,1196.0,425
2024-06-25,5,831,818,27573.60999999997,33.18123947051741,5.264729241877256,11.0,inf,68102.0,5925.0,428
2024-06-25,6,1963,1929,57941.639999999985,29.51688232297503,4.394156902699949,10.0,inf,146708.0,12814.0,428
2024-06-25,7,3946,3904,107078.24999999999,27.135897110998474,16.90818043588443,11.0,inf,274886.0,20540.0,428
2024-06-25,8,5840,5750,155188.18000000028,26.573318493150733,3.0957551369863,14.0,inf,383763.0,22252.0,428
2024-06-25,9,5965,6432,166793.6600000004,27.962055322715912,3.0134266554903664,15.0,inf,244592.0,13230.0,428
2024-06-25,10,5767,7022,162425.68999999997,28.164676608288534,3.036270157794359,15.0,inf,159914.0,8590.0,428
2024-06-25,11,6164,7511,175292.20000000036,28.438059701492595,3.0714617131732713,16.0,inf,149512.0,7618.0,428
2024-06-25,12,6755,8118,196064.70000000004,29.025122131754262,3.1735188749074763,16.0,inf,155922.0,7430.0,428
2024-06-25,13,6951,8474,203213.87000000116,29.235199251906366,3.163970651704782,16.0,inf,171172.0,8007.0,428
2024-06-25,14,7641,9202,228812.47000000146,29.94535662871371,3.3159023687999114,15.0,inf,202724.0,8311.0,428
2024-06-25,15,7452,8899,224922.00000000134,30.182769726248168,3.3137949543746696,15.0,inf,250033.0,9431.0,428
2024-06-25,16,7776,9217,254993.36000000112,32.792355967078336,3.268423353909474,16.0,inf,309050.0,10354.0,428
2024-06-25,17,8948,10017,282131.0600000006,31.53006928922671,3.0020619132767066,15.0,inf,410969.0,11057.0,428
2024-06-25,18,9275,10066,273897.01000000065,29.530674932614627,8.290569272237207,14.0,inf,306065.0,8557.0,428
2024-06-25,19,7767,8912,235030.38000000105,30.260123599845635,3.1271649285438334,13.0,inf,189247.0,5491.0,428
2024-06-25,20,7280,8296,201582.5100000002,27.68990521978025,3.2263008241758335,13.0,inf,143639.0,3906.0,428
2024-06-25,21,8196,8787,227021.6100000003,27.699073938506626,3.3176830161054243,13.0,inf,118302.0,2533.0,428
2024-06-25,22,7009,7094,193974.97000000023,27.67512769296622,3.399203880724792,13.0,inf,89721.0,1753.0,423
2024-06-25,23,5287,5320,151785.14000000004,28.70912426707018,3.7526215244940477,12.0,inf,52929.0,1036.0,422
2024-06-26,0,2610,2933,77273.93999999987,29.606873563218343,3.9489386973180025,11.0,inf,28734.0,522.0,416
2024-06-26,1,980,1244,26507.65999999999,27.048632653061212,3.415397959183671,10.0,inf,10458.0,199.0,412
2024-06-26,2,441,574,14223.940000000002,32.253832199546494,4.764920634920634,10.0,18.253227918654368,5941.0,112.0,409
2024-06-26,3,296,379,9414.730000000001,31.806520270270276,4.806081081081077,10.0,inf,6772.0,220.0,410
2024-06-26,4,325,308,12453.869999999995,38.31959999999999,6.147292307692306,13.0,inf,18649.0,1180.0,424
2024-06-26,5,800,861,30166.529999999988,37.708162499999986,5.907025000000001,11.0,inf,67609.0,5876.0,428
2024-06-26,6,1980,1987,58013.3599999999,29.299676767676715,4.436166666666665,10.0,inf,145352.0,13010.0,428
2024-06-26,7,4031,4079,105993.18000000023,26.294512527908765,59.063607045398165,11.0,inf,274439.0,20654.0,428
2024-06-26,8,5885,5846,154276.00000000035,26.215123194562505,13.38224808836024,13.0,inf,387154.0,23169.0,428
2024-06-26,9,5927,6397,161226.2000000004,27.201990889151407,2.9010933018390364,14.0,inf,253194.0,14109.0,428
2024-06-26,10,5737,6897,156358.81000000032,27.254455290221426,2.7840160362558826,14.0,inf,167797.0,9167.0,428
2024-06-26,11,6100,7460,175419.7100000007,28.757329508196836,3.025111475409832,15.0,inf,153682.0,7932.0,427
2024-06-26,12,6740,8167,197806.33000000045,29.34812017804161,3.0417418397626093,16.0,inf,162275.0,7593.0,426
2024-06-26,13,6883,8312,207707.0600000004,30.176821153566816,3.151371494987652,16.0,inf,177432.0,8018.0,427
2024-06-26,14,7450,8820,224120.82000000135,30.083331543624343,3.1761530201342256,15.0,inf,205346.0,8221.0,428
2024-06-26,15,7943,9238,245350.20000000123,30.888858114062852,3.310018884552436,15.0,inf,248899.0,9488.0,428
2024-06-26,16,7970,9294,261074.21000000043,32.75711543287333,3.1480953575909676,15.0,inf,311141.0,10411.0,428
2024-06-26,17,9045,10003,286852.7600000008,31.71395909342187,2.9185970149253704,15.0,inf,410635.0,11101.0,428
2024-06-26,18,9725,11012,285855.9200000015,29.3939249357328,2.6857511568123433,14.0,inf,308175.0,8658.0,428
2024-06-26,19,8404,9760,242408.36000000074,28.844402665397517,2.8429009995240326,13.0,inf,194998.0,5588.0,428
2024-06-26,20,9915,11241,259908.33000000048,26.2136490166415,3.2911245587493645,12.0,inf,162195.0,4032.0,428
2024-06-26,21,8417,8786,246735.5800000006,29.31395746703108,3.159682784840204,14.0,inf,114714.0,2329.0,428
2024-06-26,22,7424,7554,213415.75000000047,28.74673356681041,3.3311368534482813,13.0,inf,85014.0,1632.0,426
2024-06-26,23,5601,5474,164572.63000000038,29.38272272808434,3.646436350651672,13.0,inf,56301.0,957.0,423
2024-06-27,0,3370,3372,103094.96000000022,30.591976261127662,4.1559792284866415,12.0,inf,25555.0,517.0,417
2024-06-27,1,1640,1967,63794.47,38.899067073170734,6.002036585365858,13.0,inf,9494.0,218.0,406
2024-06-27,2,844,1024,31697.280000000006,37.55601895734598,5.499739336492887,12.0,inf,5572.0,113.0,406
2024-06-27,3,529,646,20254.37,38.28803402646503,5.501606805293008,13.0,20.01833271685338,6838.0,254.0,414
2024-06-27,4,490,466,20026.429999999993,40.870265306122434,6.49318367346939,15.0,inf,18048.0,1102.0,422
2024-06-27,5,840,911,33964.95999999996,40.43447619047615,6.7636547619047604,12.0,inf,65404.0,5673.0,428
2024-06-27,6,1882,1876,56480.51999999996,30.010903294367672,4.488049946865038,10.0,inf,135361.0,12011.0,428
2024-06-27,7,3788,3744,106075.56000000032,28.00305174234433,3.6202745512143624,12.0,inf,238548.0,18860.0,428
2024-06-27,8,5299,5217,149216.02000000043,28.15927910926598,3.234949990564258,15.0,inf,346790.0,20671.0,428
2024-06-27,9,5622,6027,163252.31000000052,29.038119886161603,3.072954464603342,16.0,inf,240206.0,13124.0,428
2024-06-27,10,5586,6505,164228.3000000005,29.39998209810249,3.1236985320444033,16.0,inf,163342.0,8696.0,428
2024-06-27,11,5744,6891,170988.12000000084,29.76812674094722,3.151018454039005,16.0,inf,150540.0,7649.0,428
2024-06-27,12,6364,7813,191523.05000000034,30.094759585166614,3.251302639849142,16.0,inf,158136.0,7696.0,427
2024-06-27,13,6651,7900,201787.57000000082,30.339433167944794,3.402876259209146,16.0,inf,171713.0,7865.0,428
2024-06-27,14,7171,8583,231156.51000000047,32.23490587086884,13.100456003346821,16.0,inf,198656.0,8422.0,428
2024-06-27,15,7397,8911,237378.23000000027,32.09114911450592,3.5557685548195264,16.0,inf,247913.0,9285.0,428
2024-06-27,16,7579,9140,271339.95000000106,35.80155033645614,3.632844702467337,16.0,inf,307835.0,10436.0,428
2024-06-27,17,8142,9454,271953.74000000104,33.40134365020892,9.83260869565217,17.0,inf,396585.0,11069.0,428
2024-06-27,18,8995,10168,279791.05000000075,31.105175097276348,2.9080188993885523,15.0,inf,303435.0,8767.0,428
2024-06-27,19,7750,8910,233584.68000000084,30.139958709677526,8.324403870967746,14.0,inf,200880.0,5863.0,428
2024-06-27,20,7531,8780,217948.7000000005,28.940207143805672,3.216987119904399,14.0,inf,154179.0,4122.0,428
2024-06-27,21,7661,8625,227276.35999999943,29.666670147500252,3.490758386633607,14.0,inf,126396.0,2638.0,428
2024-06-27,22,7888,8426,235057.60000000073,29.799391480730318,4.43340390466531,14.0,inf,99401.0,1839.0,424
2024-06-27,23,6657,6631,202304.7799999993,30.389782184166936,3.940539281958834,14.0,inf,62091.0,1281.0,423
2024-06-28,0,4235,4346,122647.86000000012,28.96053364817004,3.7525879574970484,12.0,inf,32818.0,618.0,416
2024-06-28,1,2157,2583,58376.270000000026,27.063639313861856,3.5217848864163135,11.0,inf,12896.0,217.0,415
2024-06-28,2,1184,1534,30435.449999999986,25.705616554054043,3.246342905405406,10.0,inf,7736.0,129.0,412
2024-06-28,3,787,939,22084.06000000005,28.061067344345677,3.7052731893265545,10.0,inf,7437.0,223.0,412
2024-06-28,4,713,615,22866.680000000062,32.07107994389911,4.7228190743337946,11.0,inf,18307.0,1060.0,425
2024-06-28,5,906,862,36428.139999999985,40.207660044150096,6.371876379690954,12.0,inf,63475.0,5390.0,428
2024-06-28,6,1855,1865,58535.110000000204,31.555315363881512,4.817099730458222,10.0,inf,124617.0,10824.0,428
2024-06-28,7,2710,2979,77315.24999999988,28.529612546125417,4.012560885608853,11.0,inf,196397.0,15844.0,428
2024-06-28,8,3738,4299,99762.3600000001,26.688699839486382,4.1941920813269125,12.0,inf,243089.0,15902.0,428
2024-06-28,9,4238,5006,114349.27000000027,26.9818947616801,3.211333176026423,13.0,inf,184510.0,10748.0,427
2024-06-28,10,4586,5641,129990.96000000036,28.345172263410458,3.3444221543829036,14.0,inf,148394.0,7880.0,428
2024-06-28,11,4924,6078,143264.29000000047,29.095103574329908,3.390255889520719,15.0,inf,149227.0,7234.0,428
2024-06-28,12,5514,6580,161113.36000000066,29.218962640551442,3.47928364163946,14.0,inf,161933.0,7390.0,428
2024-06-28,13,5886,6982,172877.66000000061,29.370992184845502,3.4566241930003296,14.0,inf,183400.0,7907.0,427
2024-06-28,14,6263,7489,188735.5200000001,30.13500239501838,3.493801692479633,15.0,inf,211975.0,8456.0,428
2024-06-28,15,6566,7725,199764.2100000006,30.424034419738135,3.4721931160523942,14.0,inf,258071.0,9521.0,428
2024-06-28,16,6625,7881,223017.0500000009,33.66295094339636,3.575366037735849,15.0,inf,295211.0,10381.0,428
2024-06-28,17,7282,8514,239877.5300000006,32.94116039549583,4.161413073331499,15.0,inf,322505.0,10479.0,428
2024-06-28,18,7852,9022,238664.37000000058,30.395360417728043,3.031165308201724,14.0,inf,262275.0,8270.0,428
2024-06-28,19,6654,8160,205700.40000000113,30.9137962128045,11.650123234144871,14.0,inf,196349.0,5793.0,428
2024-06-28,20,5564,7050,163294.07000000056,29.348323148813904,3.3964306254493173,13.0,inf,154064.0,4291.0,428
2024-06-28,21,5927,7890,178241.38000000088,30.07278218322944,3.502115741521847,15.0,inf,136201.0,2926.0,428
2024-06-28,22,6809,8704,194583.65000000087,28.57741959171697,3.4029886914378027,14.0,inf,120267.0,2130.0,427
2024-06-28,23,7026,7556,195893.31000000058,27.88119982920589,3.4517677198975365,14.0,inf,84107.0,1337.0,426
2024-06-29,0,6236,6620,163771.61000000068,26.262285118665922,3.236194676074408,13.0,inf,46722.0,773.0,422
2024-06-29,1,5101,5665,121745.37000000024,23.86696138012159,2.855151930993926,11.0,inf,22702.0,309.0,416
2024-06-29,2,3897,4265,94414.7400000003,24.22754426481917,2.8863715678727297,11.0,inf,14466.0,195.0,414
2024-06-29,3,2781,3074,67933.28000000007,24.427644732110778,3.0958935634663804,10.0,inf,10193.0,164.0,414
2024-06-29,4,1497,1358,40446.84,27.018597194388775,3.6721242484969934,10.0,inf,12889.0,390.0,414
2024-06-29,5,575,647,20978.61999999997,36.48455652173908,5.309999999999998,11.0,inf,24534.0,1239.0,415
2024-06-29,6,832,960,28999.76999999997,34.855492788461504,5.528149038461534,11.0,inf,47217.0,2796.0,414
2024-06-29,7,1251,1408,39101.93999999995,31.25654676258989,4.719248601119098,10.0,inf,70101.0,4032.0,416
2024-06-29,8,1820,2229,53946.22999999996,29.64078571428569,4.225131868131869,10.0,inf,82808.0,4585.0,416
2024-06-29,9,2811,3450,74157.31000000022,26.381113482746432,3.4789007470651105,10.0,inf,103352.0,4799.0,414
2024-06-29,10,3866,4859,101146.28000000036,26.163031557165123,3.273171236420073,11.0,inf,119608.0,5070.0,417
2024-06-29,11,4521,5721,123707.40000000042,27.362840079628494,3.3758681707586797,12.0,inf,135669.0,5455.0,413
2024-06-29,12,4967,6396,127929.79000000094,25.75594725186248,3.039520837527685,12.0,inf,150425.0,6016.0,414
2024-06-29,13,5380,6732,146379.5200000007,27.208089219330983,3.3079776951672812,12.0,inf,163901.0,6299.0,414
2024-06-29,14,5419,7097,152794.55000000028,28.19607861229014,3.5176084148366815,12.0,inf,177788.0,6494.0,416
2024-06-29,15,5616,7575,163637.3100000004,29.137697649572722,3.655931267806268,13.0,inf,186386.0,6404.0,415
2024-06-29,16,5994,8415,176231.25000000076,29.401276276276402,3.696796796796806,14.0,inf,191819.0,6397.0,415
2024-06-29,17,6261,8420,184298.9700000009,29.43602779108783,3.5998913911515777,14.0,inf,185583.0,5703.0,415
2024-06-29,18,6528,8641,183321.49000000066,28.082336090686375,3.2226210171568628,14.0,inf,173526.0,5356.0,417
2024-06-29,19,5979,8170,166136.58000000115,27.786683391871744,3.2200167252048812,14.0,inf,155506.0,4247.0,414
2024-06-29,20,4860,6593,136516.66000000047,28.08984773662561,3.35892386831275,13.0,inf,123638.0,3372.0,413
2024-06-29,21,6640,8866,173534.0600000004,26.134647590361507,2.9176280120481963,13.0,inf,116626.0,2552.0,417
2024-06-29,22,8041,8725,220206.5100000011,27.38546325083958,9.409383161298345,14.0,inf,98836.0,1846.0,417
2024-06-29,23,6682,7208,187160.3199999998,28.009625860520774,3.2881098473510906,14.0,inf,67790.0,1183.0,412
2024-06-30,0,6703,7036,183315.8700000002,27.348332090108936,3.283320901089062,13.0,inf,42290.0,646.0,412
2024-06-30,1,5230,5287,138283.16000000006,26.440374760994274,3.1993422562141487,12.0,inf,23180.0,330.0,406
2024-06-30,2,3636,3829,90398.22000000002,24.861996699669973,2.998426842684267,11.0,inf,13840.0,175.0,400
2024-06-30,3,2575,2375,66290.78000000009,25.74399223300974,3.2850912621359254,11.0,inf,10110.0,116.0,402
2024-06-30,4,1565,1273,47149.049999999974,30.12718849840254,4.083808306709262,12.0,inf,11017.0,275.0,408
2024-06-30,5,677,681,26684.329999999984,39.415553914327894,5.869660265878877,12.0,inf,17189.0,779.0,415
2024-06-30,6,829,917,32280.819999999963,38.939469240048204,68.07042219541616,12.0,inf,31363.0,1560.0,415
2024-06-30,7,1141,1311,40266.70999999995,35.290718667835186,5.628773006134972,11.0,inf,45074.0,2329.0,416
2024-06-30,8,1649,1924,51725.35999999992,31.36771376591869,50.55135233474833,10.0,inf,61865.0,3269.0,414
2024-06-30,9,2602,3260,71819.51000000001,27.601656418139896,3.85204842428901,10.0,inf,84305.0,3877.0,415
2024-06-30,10,3444,4298,94029.52000000038,27.30241579558664,3.4699883855981404,10.0,inf,108751.0,4220.0,415
2024-06-30,11,4244,5302,117330.17000000048,27.646128652215005,3.46835768143261,12.0,inf,133872.0,4655.0,416
2024-06-30,12,4844,6020,137327.9400000001,28.350111478117277,3.679368290668871,12.0,inf,147870.0,4996.0,415
2024-06-30,13,4745,5972,140277.65000000008,29.5632560590095,3.8461580611169577,13.0,inf,153196.0,5158.0,415
2024-06-30,14,4976,6308,151825.46000000075,30.511547427652882,3.9189368971061036,13.5,inf,159954.0,5079.0,414
2024-06-30,15,5569,7243,162991.95000000048,29.267723110073707,3.714893158556295,13.0,inf,168008.0,4687.0,415
2024-06-30,16,6046,7323,182235.3500000005,30.14147370162099,13.675026463777703,14.0,inf,168581.0,4285.0,415
2024-06-30,17,6175,7080,183360.56000000073,29.6940178137653,3.387106072874491,14.0,inf,154824.0,3880.0,415
2024-06-30,18,4864,5904,143536.79000000027,29.510030838815844,3.383928865131574,14.0,inf,127058.0,3174.0,415
2024-06-30,19,3798,5049,112150.57000000021,29.52884939441817,3.6433965244865707,13.0,inf,103643.0,2535.0,415
2024-06-30,20,3812,5195,124287.70000000014,32.604328436516305,4.294795383001048,13.0,inf,83191.0,2042.0,416
2024-06-30,21,4146,5542,141875.40000000017,34.21982633863969,4.718347805113363,14.0,inf,75029.0,1649.0,417
2024-06-30,22,3622,4550,122755.54000000027,33.891645499723985,4.815055218111535,13.0,inf,61433.0,1268.0,423
2024-06-30,23,2804,3236,105952.02999999991,37.78603067047072,5.549828815977176,14.0,inf,41390.0,823.0,423
